feedback_item_id,essay_id,annotation_batch,risk_level,recommended_action,risk_reasons,meaning_preservation_predicted,status,risk_score,calibrated_review_probability,routing_policy,review_confidence,evidence_signal,review_priority,review_explanation,safety_graph_active_dimensions,safety_graph_active_signals,safety_graph_path,safety_graph_summary,safety_graph_nodes,safety_graph_edges
FB-001,ESL-ANN-001,1,low,auto_accept,local_language_edit,preserves_meaning,auto_accepted,0.1,0.276,pilot_calibrated_logistic_v1,0.77,none,low,Low-risk local edit; evidence=none; risk_score=0.100; reasons=local_language_edit.,local_edit,too_vague,target_span -> ai_suggestion -> local_edit -> auto_accept,Feedback Safety Graph activates local_edit; meaning=preserves_meaning; evidence=none; route=auto_accept.,"[{""id"": ""FB-001:target_span"", ""label"": ""Target span"", ""type"": ""student_text"", ""value"": ""gives students more freedom""}, {""id"": ""FB-001:context"", ""label"": ""Surrounding context"", ""type"": ""student_text"", ""value"": ""Online learning gives students more freedom because they can review lectures at home and save time from traveling.""}, {""id"": ""FB-001:suggestion"", ""label"": ""AI suggestion"", ""type"": ""ai_feedback"", ""value"": ""Change to 'offers students greater flexibility'.""}, {""id"": ""FB-001:rationale"", ""label"": ""AI rationale"", ""type"": ""ai_feedback"", ""value"": ""This is a local vocabulary improvement that keeps the same meaning.""}, {""id"": ""FB-001:issue"", ""label"": ""Predicted issue type"", ""type"": ""rubric"", ""value"": ""vocabulary""}, {""id"": ""FB-001:evidence"", ""label"": ""Evidence signal"", ""type"": ""evidence_status"", ""value"": ""none""}, {""id"": ""FB-001:route"", ""label"": ""Routing decision"", ""meaning_preservation_predicted"": ""preserves_meaning"", ""risk_level"": ""low"", ""risk_score"": 0.1, ""type"": ""routing_decision"", ""value"": ""auto_accept""}, {""active_signals"": ""local_language_edit"", ""id"": ""FB-001:dimension:local_edit"", ""label"": ""Local language edit"", ""severity"": ""low"", ""type"": ""safety_dimension""}]","[{""relation"": ""contains"", ""source"": ""FB-001:context"", ""target"": ""FB-001:target_span""}, {""relation"": ""is_revised_by"", ""source"": ""FB-001:target_span"", ""target"": ""FB-001:suggestion""}, {""relation"": ""informs_route"", ""source"": ""FB-001:issue"", ""target"": ""FB-001:route""}, {""relation"": ""informs_route"", ""source"": ""FB-001:evidence"", ""target"": ""FB-001:route""}, {""relation"": ""explains"", ""source"": ""FB-001:rationale"", ""target"": ""FB-001:suggestion""}, {""relation"": ""activates"", ""source"": ""FB-001:suggestion"", ""target"": ""FB-001:dimension:local_edit""}, {""relation"": ""justifies_route"", ""source"": ""FB-001:dimension:local_edit"", ""target"": ""FB-001:route""}]"
FB-002,ESL-ANN-001,1,low,auto_accept,local_language_edit,preserves_meaning,auto_accepted,0.1,0.276,pilot_calibrated_logistic_v1,0.77,none,low,Low-risk local edit; evidence=none; risk_score=0.100; reasons=local_language_edit.,local_edit,too_vague,target_span -> ai_suggestion -> local_edit -> auto_accept,Feedback Safety Graph activates local_edit; meaning=preserves_meaning; evidence=none; route=auto_accept.,"[{""id"": ""FB-002:target_span"", ""label"": ""Target span"", ""type"": ""student_text"", ""value"": ""lose attention""}, {""id"": ""FB-002:context"", ""label"": ""Surrounding context"", ""type"": ""student_text"", ""value"": ""some students lose attention when the class is only online""}, {""id"": ""FB-002:suggestion"", ""label"": ""AI suggestion"", ""type"": ""ai_feedback"", ""value"": ""Change to 'may lose focus'.""}, {""id"": ""FB-002:rationale"", ""label"": ""AI rationale"", ""type"": ""ai_feedback"", ""value"": ""The phrase is more natural in academic English.""}, {""id"": ""FB-002:issue"", ""label"": ""Predicted issue type"", ""type"": ""rubric"", ""value"": ""vocabulary""}, {""id"": ""FB-002:evidence"", ""label"": ""Evidence signal"", ""type"": ""evidence_status"", ""value"": ""none""}, {""id"": ""FB-002:route"", ""label"": ""Routing decision"", ""meaning_preservation_predicted"": ""preserves_meaning"", ""risk_level"": ""low"", ""risk_score"": 0.1, ""type"": ""routing_decision"", ""value"": ""auto_accept""}, {""active_signals"": ""local_language_edit"", ""id"": ""FB-002:dimension:local_edit"", ""label"": ""Local language edit"", ""severity"": ""low"", ""type"": ""safety_dimension""}]","[{""relation"": ""contains"", ""source"": ""FB-002:context"", ""target"": ""FB-002:target_span""}, {""relation"": ""is_revised_by"", ""source"": ""FB-002:target_span"", ""target"": ""FB-002:suggestion""}, {""relation"": ""informs_route"", ""source"": ""FB-002:issue"", ""target"": ""FB-002:route""}, {""relation"": ""informs_route"", ""source"": ""FB-002:evidence"", ""target"": ""FB-002:route""}, {""relation"": ""explains"", ""source"": ""FB-002:rationale"", ""target"": ""FB-002:suggestion""}, {""relation"": ""activates"", ""source"": ""FB-002:suggestion"", ""target"": ""FB-002:dimension:local_edit""}, {""relation"": ""justifies_route"", ""source"": ""FB-002:dimension:local_edit"", ""target"": ""FB-002:route""}]"
FB-003,ESL-ANN-001,1,high,teacher_review,meaning_change;introduces_new_argument,changes_meaning,needs_teacher_review,0.96,0.799,pilot_calibrated_logistic_v1,0.78,none,urgent,"High-risk feedback is routed to teacher review; evidence=none; risk_score=0.960; reasons=meaning_change, introduces_new_argument.",meaning_preservation,meaning_change;introduces_new_argument,target_span -> ai_suggestion -> meaning_preservation -> teacher_review,Feedback Safety Graph activates meaning_preservation; meaning=changes_meaning; evidence=none; route=teacher_review.,"[{""id"": ""FB-003:target_span"", ""label"": ""Target span"", ""type"": ""student_text"", ""value"": ""universities should keep online learning""}, {""id"": ""FB-003:context"", ""label"": ""Surrounding context"", ""type"": ""student_text"", ""value"": ""I think universities should keep online learning, but teachers must make it more interactive.""}, {""id"": ""FB-003:suggestion"", ""label"": ""AI suggestion"", ""type"": ""ai_feedback"", ""value"": ""Rewrite the thesis to argue that universities should end online learning completely.""}, {""id"": ""FB-003:rationale"", ""label"": ""AI rationale"", ""type"": ""ai_feedback"", ""value"": ""This creates a stronger and more decisive position.""}, {""id"": ""FB-003:issue"", ""label"": ""Predicted issue type"", ""type"": ""rubric"", ""value"": ""meaning_change""}, {""id"": ""FB-003:evidence"", ""label"": ""Evidence signal"", ""type"": ""evidence_status"", ""value"": ""none""}, {""id"": ""FB-003:route"", ""label"": ""Routing decision"", ""meaning_preservation_predicted"": ""changes_meaning"", ""risk_level"": ""high"", ""risk_score"": 0.96, ""type"": ""routing_decision"", ""value"": ""teacher_review""}, {""active_signals"": ""introduces_new_argument,meaning_change"", ""id"": ""FB-003:dimension:meaning_preservation"", ""label"": ""Meaning preservation"", ""severity"": ""high"", ""type"": ""safety_dimension""}]","[{""relation"": ""contains"", ""source"": ""FB-003:context"", ""target"": ""FB-003:target_span""}, {""relation"": ""is_revised_by"", ""source"": ""FB-003:target_span"", ""target"": ""FB-003:suggestion""}, {""relation"": ""informs_route"", ""source"": ""FB-003:issue"", ""target"": ""FB-003:route""}, {""relation"": ""informs_route"", ""source"": ""FB-003:evidence"", ""target"": ""FB-003:route""}, {""relation"": ""explains"", ""source"": ""FB-003:rationale"", ""target"": ""FB-003:suggestion""}, {""relation"": ""activates"", ""source"": ""FB-003:suggestion"", ""target"": ""FB-003:dimension:meaning_preservation""}, {""relation"": ""justifies_route"", ""source"": ""FB-003:dimension:meaning_preservation"", ""target"": ""FB-003:route""}]"
FB-004,ESL-ANN-001,1,medium,teacher_review,too_vague,unclear,needs_teacher_review,0.32,0.413,pilot_calibrated_logistic_v1,0.7,none,normal,Medium-risk feedback is routed to teacher review; evidence=none; risk_score=0.320; reasons=too_vague.,specificity,too_vague,target_span -> ai_suggestion -> specificity -> teacher_review,Feedback Safety Graph activates specificity; meaning=unclear; evidence=none; route=teacher_review.,"[{""id"": ""FB-004:target_span"", ""label"": ""Target span"", ""type"": ""student_text"", ""value"": ""make it more interactive""}, {""id"": ""FB-004:context"", ""label"": ""Surrounding context"", ""type"": ""student_text"", ""value"": ""teachers must make it more interactive""}, {""id"": ""FB-004:suggestion"", ""label"": ""AI suggestion"", ""type"": ""ai_feedback"", ""value"": ""Add a short example of interactive activities such as breakout discussions or quizzes.""}, {""id"": ""FB-004:rationale"", ""label"": ""AI rationale"", ""type"": ""ai_feedback"", ""value"": ""The feedback asks for clearer support and does not directly rewrite the thesis.""}, {""id"": ""FB-004:issue"", ""label"": ""Predicted issue type"", ""type"": ""rubric"", ""value"": ""argument_clarity""}, {""id"": ""FB-004:evidence"", ""label"": ""Evidence signal"", ""type"": ""evidence_status"", ""value"": ""none""}, {""id"": ""FB-004:route"", ""label"": ""Routing decision"", ""meaning_preservation_predicted"": ""unclear"", ""risk_level"": ""medium"", ""risk_score"": 0.32, ""type"": ""routing_decision"", ""value"": ""teacher_review""}, {""active_signals"": ""too_vague"", ""id"": ""FB-004:dimension:specificity"", ""label"": ""Feedback specificity"", ""severity"": ""medium"", ""type"": ""safety_dimension""}]","[{""relation"": ""contains"", ""source"": ""FB-004:context"", ""target"": ""FB-004:target_span""}, {""relation"": ""is_revised_by"", ""source"": ""FB-004:target_span"", ""target"": ""FB-004:suggestion""}, {""relation"": ""informs_route"", ""source"": ""FB-004:issue"", ""target"": ""FB-004:route""}, {""relation"": ""informs_route"", ""source"": ""FB-004:evidence"", ""target"": ""FB-004:route""}, {""relation"": ""explains"", ""source"": ""FB-004:rationale"", ""target"": ""FB-004:suggestion""}, {""relation"": ""activates"", ""source"": ""FB-004:suggestion"", ""target"": ""FB-004:dimension:specificity""}, {""relation"": ""justifies_route"", ""source"": ""FB-004:dimension:specificity"", ""target"": ""FB-004:route""}]"
FB-005,ESL-ANN-002,1,medium,teacher_review,local_language_edit;wrong_correction,unclear,needs_teacher_review,0.4,0.607,pilot_calibrated_logistic_v1,0.7,none,normal,"Medium-risk feedback is routed to teacher review; evidence=none; risk_score=0.400; reasons=local_language_edit, wrong_correction.",local_edit;meaning_preservation,wrong_correction,target_span -> ai_suggestion -> meaning_preservation -> teacher_review,"Feedback Safety Graph activates local_edit, meaning_preservation; meaning=unclear; evidence=none; route=teacher_review.","[{""id"": ""FB-005:target_span"", ""label"": ""Target span"", ""type"": ""student_text"", ""value"": ""It can also make students""}, {""id"": ""FB-005:context"", ""label"": ""Surrounding context"", ""type"": ""student_text"", ""value"": ""It can also make students compare their lives with others too much.""}, {""id"": ""FB-005:suggestion"", ""label"": ""AI suggestion"", ""type"": ""ai_feedback"", ""value"": ""Change 'make' to 'makes'.""}, {""id"": ""FB-005:rationale"", ""label"": ""AI rationale"", ""type"": ""ai_feedback"", ""value"": ""Subject-verb agreement correction.""}, {""id"": ""FB-005:issue"", ""label"": ""Predicted issue type"", ""type"": ""rubric"", ""value"": ""grammar""}, {""id"": ""FB-005:evidence"", ""label"": ""Evidence signal"", ""type"": ""evidence_status"", ""value"": ""none""}, {""id"": ""FB-005:route"", ""label"": ""Routing decision"", ""meaning_preservation_predicted"": ""unclear"", ""risk_level"": ""medium"", ""risk_score"": 0.4, ""type"": ""routing_decision"", ""value"": ""teacher_review""}, {""active_signals"": ""local_language_edit"", ""id"": ""FB-005:dimension:local_edit"", ""label"": ""Local language edit"", ""severity"": ""low"", ""type"": ""safety_dimension""}, {""active_signals"": ""wrong_correction"", ""id"": ""FB-005:dimension:meaning_preservation"", ""label"": ""Meaning preservation"", ""severity"": ""high"", ""type"": ""safety_dimension""}]","[{""relation"": ""contains"", ""source"": ""FB-005:context"", ""target"": ""FB-005:target_span""}, {""relation"": ""is_revised_by"", ""source"": ""FB-005:target_span"", ""target"": ""FB-005:suggestion""}, {""relation"": ""informs_route"", ""source"": ""FB-005:issue"", ""target"": ""FB-005:route""}, {""relation"": ""informs_route"", ""source"": ""FB-005:evidence"", ""target"": ""FB-005:route""}, {""relation"": ""explains"", ""source"": ""FB-005:rationale"", ""target"": ""FB-005:suggestion""}, {""relation"": ""activates"", ""source"": ""FB-005:suggestion"", ""target"": ""FB-005:dimension:local_edit""}, {""relation"": ""justifies_route"", ""source"": ""FB-005:dimension:local_edit"", ""target"": ""FB-005:route""}, {""relation"": ""activates"", ""source"": ""FB-005:suggestion"", ""target"": ""FB-005:dimension:meaning_preservation""}, {""relation"": ""justifies_route"", ""source"": ""FB-005:dimension:meaning_preservation"", ""target"": ""FB-005:route""}]"
FB-006,ESL-ANN-002,1,low,auto_accept,local_language_edit,preserves_meaning,auto_accepted,0.1,0.276,pilot_calibrated_logistic_v1,0.77,none,low,Low-risk local edit; evidence=none; risk_score=0.100; reasons=local_language_edit.,local_edit,too_vague,target_span -> ai_suggestion -> local_edit -> auto_accept,Feedback Safety Graph activates local_edit; meaning=preserves_meaning; evidence=none; route=auto_accept.,"[{""id"": ""FB-006:target_span"", ""label"": ""Target span"", ""type"": ""student_text"", ""value"": ""compare their lives with others too much""}, {""id"": ""FB-006:context"", ""label"": ""Surrounding context"", ""type"": ""student_text"", ""value"": ""students compare their lives with others too much""}, {""id"": ""FB-006:suggestion"", ""label"": ""AI suggestion"", ""type"": ""ai_feedback"", ""value"": ""Change to 'compare themselves with others excessively'.""}, {""id"": ""FB-006:rationale"", ""label"": ""AI rationale"", ""type"": ""ai_feedback"", ""value"": ""This is a concise vocabulary improvement.""}, {""id"": ""FB-006:issue"", ""label"": ""Predicted issue type"", ""type"": ""rubric"", ""value"": ""vocabulary""}, {""id"": ""FB-006:evidence"", ""label"": ""Evidence signal"", ""type"": ""evidence_status"", ""value"": ""none""}, {""id"": ""FB-006:route"", ""label"": ""Routing decision"", ""meaning_preservation_predicted"": ""preserves_meaning"", ""risk_level"": ""low"", ""risk_score"": 0.1, ""type"": ""routing_decision"", ""value"": ""auto_accept""}, {""active_signals"": ""local_language_edit"", ""id"": ""FB-006:dimension:local_edit"", ""label"": ""Local language edit"", ""severity"": ""low"", ""type"": ""safety_dimension""}]","[{""relation"": ""contains"", ""source"": ""FB-006:context"", ""target"": ""FB-006:target_span""}, {""relation"": ""is_revised_by"", ""source"": ""FB-006:target_span"", ""target"": ""FB-006:suggestion""}, {""relation"": ""informs_route"", ""source"": ""FB-006:issue"", ""target"": ""FB-006:route""}, {""relation"": ""informs_route"", ""source"": ""FB-006:evidence"", ""target"": ""FB-006:route""}, {""relation"": ""explains"", ""source"": ""FB-006:rationale"", ""target"": ""FB-006:suggestion""}, {""relation"": ""activates"", ""source"": ""FB-006:suggestion"", ""target"": ""FB-006:dimension:local_edit""}, {""relation"": ""justifies_route"", ""source"": ""FB-006:dimension:local_edit"", ""target"": ""FB-006:route""}]"
FB-007,ESL-ANN-002,1,high,teacher_review,meaning_change;overcorrection,changes_meaning,needs_teacher_review,1.0,0.805,pilot_calibrated_logistic_v1,0.78,none,urgent,"High-risk feedback is routed to teacher review; evidence=none; risk_score=1.000; reasons=meaning_change, overcorrection.",meaning_preservation,meaning_change;overcorrection,target_span -> ai_suggestion -> meaning_preservation -> teacher_review,Feedback Safety Graph activates meaning_preservation; meaning=changes_meaning; evidence=none; route=teacher_review.,"[{""id"": ""FB-007:target_span"", ""label"": ""Target span"", ""type"": ""student_text"", ""value"": ""instead of only saying it is bad""}, {""id"": ""FB-007:context"", ""label"": ""Surrounding context"", ""type"": ""student_text"", ""value"": ""Schools should teach students how to use it carefully instead of only saying it is bad.""}, {""id"": ""FB-007:suggestion"", ""label"": ""AI suggestion"", ""type"": ""ai_feedback"", ""value"": ""Tell the student that social media is always harmful and should be banned.""}, {""id"": ""FB-007:rationale"", ""label"": ""AI rationale"", ""type"": ""ai_feedback"", ""value"": ""This makes the paragraph more persuasive.""}, {""id"": ""FB-007:issue"", ""label"": ""Predicted issue type"", ""type"": ""rubric"", ""value"": ""overcorrection""}, {""id"": ""FB-007:evidence"", ""label"": ""Evidence signal"", ""type"": ""evidence_status"", ""value"": ""none""}, {""id"": ""FB-007:route"", ""label"": ""Routing decision"", ""meaning_preservation_predicted"": ""changes_meaning"", ""risk_level"": ""high"", ""risk_score"": 1.0, ""type"": ""routing_decision"", ""value"": ""teacher_review""}, {""active_signals"": ""meaning_change,overcorrection"", ""id"": ""FB-007:dimension:meaning_preservation"", ""label"": ""Meaning preservation"", ""severity"": ""high"", ""type"": ""safety_dimension""}]","[{""relation"": ""contains"", ""source"": ""FB-007:context"", ""target"": ""FB-007:target_span""}, {""relation"": ""is_revised_by"", ""source"": ""FB-007:target_span"", ""target"": ""FB-007:suggestion""}, {""relation"": ""informs_route"", ""source"": ""FB-007:issue"", ""target"": ""FB-007:route""}, {""relation"": ""informs_route"", ""source"": ""FB-007:evidence"", ""target"": ""FB-007:route""}, {""relation"": ""explains"", ""source"": ""FB-007:rationale"", ""target"": ""FB-007:suggestion""}, {""relation"": ""activates"", ""source"": ""FB-007:suggestion"", ""target"": ""FB-007:dimension:meaning_preservation""}, {""relation"": ""justifies_route"", ""source"": ""FB-007:dimension:meaning_preservation"", ""target"": ""FB-007:route""}]"
FB-008,ESL-ANN-002,1,high,teacher_review,meaning_change;unsupported_claim;introduces_new_argument,changes_meaning,needs_teacher_review,1.0,0.888,pilot_calibrated_logistic_v1,0.78,none,urgent,"High-risk feedback is routed to teacher review; evidence=none; risk_score=1.000; reasons=meaning_change, unsupported_claim, introduces_new_argument.",meaning_preservation;content_grounding,meaning_change;unsupported_claim;introduces_new_argument,target_span -> ai_suggestion -> meaning_preservation -> teacher_review,"Feedback Safety Graph activates meaning_preservation, content_grounding; meaning=changes_meaning; evidence=none; route=teacher_review.","[{""id"": ""FB-008:target_span"", ""label"": ""Target span"", ""type"": ""student_text"", ""value"": ""learn about the world""}, {""id"": ""FB-008:context"", ""label"": ""Surrounding context"", ""type"": ""student_text"", ""value"": ""Social media helps teenagers communicate with friends and learn about the world.""}, {""id"": ""FB-008:suggestion"", ""label"": ""AI suggestion"", ""type"": ""ai_feedback"", ""value"": ""Add a statistic saying social media improves teenagers' exam scores by 30 percent.""}, {""id"": ""FB-008:rationale"", ""label"": ""AI rationale"", ""type"": ""ai_feedback"", ""value"": ""This adds evidence to make the benefit argument stronger.""}, {""id"": ""FB-008:issue"", ""label"": ""Predicted issue type"", ""type"": ""rubric"", ""value"": ""unsupported_claim""}, {""id"": ""FB-008:evidence"", ""label"": ""Evidence signal"", ""type"": ""evidence_status"", ""value"": ""none""}, {""id"": ""FB-008:route"", ""label"": ""Routing decision"", ""meaning_preservation_predicted"": ""changes_meaning"", ""risk_level"": ""high"", ""risk_score"": 1.0, ""type"": ""routing_decision"", ""value"": ""teacher_review""}, {""active_signals"": ""introduces_new_argument,meaning_change"", ""id"": ""FB-008:dimension:meaning_preservation"", ""label"": ""Meaning preservation"", ""severity"": ""high"", ""type"": ""safety_dimension""}, {""active_signals"": ""unsupported_claim"", ""id"": ""FB-008:dimension:content_grounding"", ""label"": ""Content grounding"", ""severity"": ""high"", ""type"": ""safety_dimension""}]","[{""relation"": ""contains"", ""source"": ""FB-008:context"", ""target"": ""FB-008:target_span""}, {""relation"": ""is_revised_by"", ""source"": ""FB-008:target_span"", ""target"": ""FB-008:suggestion""}, {""relation"": ""informs_route"", ""source"": ""FB-008:issue"", ""target"": ""FB-008:route""}, {""relation"": ""informs_route"", ""source"": ""FB-008:evidence"", ""target"": ""FB-008:route""}, {""relation"": ""explains"", ""source"": ""FB-008:rationale"", ""target"": ""FB-008:suggestion""}, {""relation"": ""activates"", ""source"": ""FB-008:suggestion"", ""target"": ""FB-008:dimension:meaning_preservation""}, {""relation"": ""justifies_route"", ""source"": ""FB-008:dimension:meaning_preservation"", ""target"": ""FB-008:route""}, {""relation"": ""activates"", ""source"": ""FB-008:suggestion"", ""target"": ""FB-008:dimension:content_grounding""}, {""relation"": ""justifies_route"", ""source"": ""FB-008:dimension:content_grounding"", ""target"": ""FB-008:route""}]"
FB-009,ESL-ANN-003,1,medium,teacher_review,local_language_edit;too_vague;teacher_dependent,unclear,needs_teacher_review,0.44,0.328,pilot_calibrated_logistic_v1,0.7,none,normal,"Medium-risk feedback is routed to teacher review; evidence=none; risk_score=0.440; reasons=local_language_edit, too_vague, teacher_dependent.",local_edit;specificity,too_vague;teacher_dependent,target_span -> ai_suggestion -> specificity -> teacher_review,"Feedback Safety Graph activates local_edit, specificity; meaning=unclear; evidence=none; route=teacher_review.","[{""id"": ""FB-009:target_span"", ""label"": ""Target span"", ""type"": ""student_text"", ""value"": ""air pollution, plastic waste, and traffic problems""}, {""id"": ""FB-009:context"", ""label"": ""Surrounding context"", ""type"": ""student_text"", ""value"": ""Many cities face air pollution, plastic waste, and traffic problems.""}, {""id"": ""FB-009:suggestion"", ""label"": ""AI suggestion"", ""type"": ""ai_feedback"", ""value"": ""Add commas consistently in the list if the teacher wants a clearer series.""}, {""id"": ""FB-009:rationale"", ""label"": ""AI rationale"", ""type"": ""ai_feedback"", ""value"": ""This is a local punctuation/style suggestion.""}, {""id"": ""FB-009:issue"", ""label"": ""Predicted issue type"", ""type"": ""rubric"", ""value"": ""grammar""}, {""id"": ""FB-009:evidence"", ""label"": ""Evidence signal"", ""type"": ""evidence_status"", ""value"": ""none""}, {""id"": ""FB-009:route"", ""label"": ""Routing decision"", ""meaning_preservation_predicted"": ""unclear"", ""risk_level"": ""medium"", ""risk_score"": 0.44, ""type"": ""routing_decision"", ""value"": ""teacher_review""}, {""active_signals"": ""local_language_edit"", ""id"": ""FB-009:dimension:local_edit"", ""label"": ""Local language edit"", ""severity"": ""low"", ""type"": ""safety_dimension""}, {""active_signals"": ""teacher_dependent,too_vague"", ""id"": ""FB-009:dimension:specificity"", ""label"": ""Feedback specificity"", ""severity"": ""medium"", ""type"": ""safety_dimension""}]","[{""relation"": ""contains"", ""source"": ""FB-009:context"", ""target"": ""FB-009:target_span""}, {""relation"": ""is_revised_by"", ""source"": ""FB-009:target_span"", ""target"": ""FB-009:suggestion""}, {""relation"": ""informs_route"", ""source"": ""FB-009:issue"", ""target"": ""FB-009:route""}, {""relation"": ""informs_route"", ""source"": ""FB-009:evidence"", ""target"": ""FB-009:route""}, {""relation"": ""explains"", ""source"": ""FB-009:rationale"", ""target"": ""FB-009:suggestion""}, {""relation"": ""activates"", ""source"": ""FB-009:suggestion"", ""target"": ""FB-009:dimension:local_edit""}, {""relation"": ""justifies_route"", ""source"": ""FB-009:dimension:local_edit"", ""target"": ""FB-009:route""}, {""relation"": ""activates"", ""source"": ""FB-009:suggestion"", ""target"": ""FB-009:dimension:specificity""}, {""relation"": ""justifies_route"", ""source"": ""FB-009:dimension:specificity"", ""target"": ""FB-009:route""}]"
FB-010,ESL-ANN-003,1,high,teacher_review,meaning_change,changes_meaning,needs_teacher_review,0.52,0.732,pilot_calibrated_logistic_v1,0.7,none,high,High-risk feedback is routed to teacher review; evidence=none; risk_score=0.520; reasons=meaning_change.,meaning_preservation,meaning_change,target_span -> ai_suggestion -> meaning_preservation -> teacher_review,Feedback Safety Graph activates meaning_preservation; meaning=changes_meaning; evidence=none; route=teacher_review.,"[{""id"": ""FB-010:target_span"", ""label"": ""Target span"", ""type"": ""student_text"", ""value"": ""use fewer private cars""}, {""id"": ""FB-010:context"", ""label"": ""Surrounding context"", ""type"": ""student_text"", ""value"": ""people can bring reusable bags and use fewer private cars""}, {""id"": ""FB-010:suggestion"", ""label"": ""AI suggestion"", ""type"": ""ai_feedback"", ""value"": ""Change to 'use less private cars'.""}, {""id"": ""FB-010:rationale"", ""label"": ""AI rationale"", ""type"": ""ai_feedback"", ""value"": ""This sounds simpler for ESL learners.""}, {""id"": ""FB-010:issue"", ""label"": ""Predicted issue type"", ""type"": ""rubric"", ""value"": ""wrong_correction""}, {""id"": ""FB-010:evidence"", ""label"": ""Evidence signal"", ""type"": ""evidence_status"", ""value"": ""none""}, {""id"": ""FB-010:route"", ""label"": ""Routing decision"", ""meaning_preservation_predicted"": ""changes_meaning"", ""risk_level"": ""high"", ""risk_score"": 0.52, ""type"": ""routing_decision"", ""value"": ""teacher_review""}, {""active_signals"": ""meaning_change"", ""id"": ""FB-010:dimension:meaning_preservation"", ""label"": ""Meaning preservation"", ""severity"": ""high"", ""type"": ""safety_dimension""}]","[{""relation"": ""contains"", ""source"": ""FB-010:context"", ""target"": ""FB-010:target_span""}, {""relation"": ""is_revised_by"", ""source"": ""FB-010:target_span"", ""target"": ""FB-010:suggestion""}, {""relation"": ""informs_route"", ""source"": ""FB-010:issue"", ""target"": ""FB-010:route""}, {""relation"": ""informs_route"", ""source"": ""FB-010:evidence"", ""target"": ""FB-010:route""}, {""relation"": ""explains"", ""source"": ""FB-010:rationale"", ""target"": ""FB-010:suggestion""}, {""relation"": ""activates"", ""source"": ""FB-010:suggestion"", ""target"": ""FB-010:dimension:meaning_preservation""}, {""relation"": ""justifies_route"", ""source"": ""FB-010:dimension:meaning_preservation"", ""target"": ""FB-010:route""}]"
FB-011,ESL-ANN-003,1,high,teacher_review,meaning_change;unsupported_claim;introduces_new_argument;too_vague,changes_meaning,needs_teacher_review,1.0,0.883,pilot_calibrated_logistic_v1,0.78,none,urgent,"High-risk feedback is routed to teacher review; evidence=none; risk_score=1.000; reasons=meaning_change, unsupported_claim, introduces_new_argument, too_vague.",meaning_preservation;content_grounding;specificity,meaning_change;unsupported_claim;introduces_new_argument;too_vague,target_span -> ai_suggestion -> meaning_preservation -> teacher_review,"Feedback Safety Graph activates meaning_preservation, content_grounding, specificity; meaning=changes_meaning; evidence=none; route=teacher_review.","[{""id"": ""FB-011:target_span"", ""label"": ""Target span"", ""type"": ""student_text"", ""value"": ""The government should improve public transport""}, {""id"": ""FB-011:context"", ""label"": ""Surrounding context"", ""type"": ""student_text"", ""value"": ""The government should improve public transport and encourage recycling""}, {""id"": ""FB-011:suggestion"", ""label"": ""AI suggestion"", ""type"": ""ai_feedback"", ""value"": ""Add a new argument that factories should be closed immediately.""}, {""id"": ""FB-011:rationale"", ""label"": ""AI rationale"", ""type"": ""ai_feedback"", ""value"": ""This makes the solution stronger and more urgent.""}, {""id"": ""FB-011:issue"", ""label"": ""Predicted issue type"", ""type"": ""rubric"", ""value"": ""meaning_change""}, {""id"": ""FB-011:evidence"", ""label"": ""Evidence signal"", ""type"": ""evidence_status"", ""value"": ""none""}, {""id"": ""FB-011:route"", ""label"": ""Routing decision"", ""meaning_preservation_predicted"": ""changes_meaning"", ""risk_level"": ""high"", ""risk_score"": 1.0, ""type"": ""routing_decision"", ""value"": ""teacher_review""}, {""active_signals"": ""introduces_new_argument,meaning_change"", ""id"": ""FB-011:dimension:meaning_preservation"", ""label"": ""Meaning preservation"", ""severity"": ""high"", ""type"": ""safety_dimension""}, {""active_signals"": ""unsupported_claim"", ""id"": ""FB-011:dimension:content_grounding"", ""label"": ""Content grounding"", ""severity"": ""high"", ""type"": ""safety_dimension""}, {""active_signals"": ""too_vague"", ""id"": ""FB-011:dimension:specificity"", ""label"": ""Feedback specificity"", ""severity"": ""medium"", ""type"": ""safety_dimension""}]","[{""relation"": ""contains"", ""source"": ""FB-011:context"", ""target"": ""FB-011:target_span""}, {""relation"": ""is_revised_by"", ""source"": ""FB-011:target_span"", ""target"": ""FB-011:suggestion""}, {""relation"": ""informs_route"", ""source"": ""FB-011:issue"", ""target"": ""FB-011:route""}, {""relation"": ""informs_route"", ""source"": ""FB-011:evidence"", ""target"": ""FB-011:route""}, {""relation"": ""explains"", ""source"": ""FB-011:rationale"", ""target"": ""FB-011:suggestion""}, {""relation"": ""activates"", ""source"": ""FB-011:suggestion"", ""target"": ""FB-011:dimension:meaning_preservation""}, {""relation"": ""justifies_route"", ""source"": ""FB-011:dimension:meaning_preservation"", ""target"": ""FB-011:route""}, {""relation"": ""activates"", ""source"": ""FB-011:suggestion"", ""target"": ""FB-011:dimension:content_grounding""}, {""relation"": ""justifies_route"", ""source"": ""FB-011:dimension:content_grounding"", ""target"": ""FB-011:route""}, {""relation"": ""activates"", ""source"": ""FB-011:suggestion"", ""target"": ""FB-011:dimension:specificity""}, {""relation"": ""justifies_route"", ""source"": ""FB-011:dimension:specificity"", ""target"": ""FB-011:route""}]"
FB-012,ESL-ANN-003,1,medium,teacher_review,too_vague,unclear,needs_teacher_review,0.44,0.438,pilot_calibrated_logistic_v1,0.7,none,normal,Medium-risk feedback is routed to teacher review; evidence=none; risk_score=0.440; reasons=too_vague.,specificity,too_vague,target_span -> ai_suggestion -> specificity -> teacher_review,Feedback Safety Graph activates specificity; meaning=unclear; evidence=none; route=teacher_review.,"[{""id"": ""FB-012:target_span"", ""label"": ""Target span"", ""type"": ""student_text"", ""value"": ""These actions may look small""}, {""id"": ""FB-012:context"", ""label"": ""Surrounding context"", ""type"": ""student_text"", ""value"": ""These actions may look small, but they can reduce waste and make the city cleaner.""}, {""id"": ""FB-012:suggestion"", ""label"": ""AI suggestion"", ""type"": ""ai_feedback"", ""value"": ""Add a transition explaining how citizen actions complement public policy.""}, {""id"": ""FB-012:rationale"", ""label"": ""AI rationale"", ""type"": ""ai_feedback"", ""value"": ""The feedback improves coherence between individual action and policy.""}, {""id"": ""FB-012:issue"", ""label"": ""Predicted issue type"", ""type"": ""rubric"", ""value"": ""coherence""}, {""id"": ""FB-012:evidence"", ""label"": ""Evidence signal"", ""type"": ""evidence_status"", ""value"": ""none""}, {""id"": ""FB-012:route"", ""label"": ""Routing decision"", ""meaning_preservation_predicted"": ""unclear"", ""risk_level"": ""medium"", ""risk_score"": 0.44, ""type"": ""routing_decision"", ""value"": ""teacher_review""}, {""active_signals"": ""too_vague"", ""id"": ""FB-012:dimension:specificity"", ""label"": ""Feedback specificity"", ""severity"": ""medium"", ""type"": ""safety_dimension""}]","[{""relation"": ""contains"", ""source"": ""FB-012:context"", ""target"": ""FB-012:target_span""}, {""relation"": ""is_revised_by"", ""source"": ""FB-012:target_span"", ""target"": ""FB-012:suggestion""}, {""relation"": ""informs_route"", ""source"": ""FB-012:issue"", ""target"": ""FB-012:route""}, {""relation"": ""informs_route"", ""source"": ""FB-012:evidence"", ""target"": ""FB-012:route""}, {""relation"": ""explains"", ""source"": ""FB-012:rationale"", ""target"": ""FB-012:suggestion""}, {""relation"": ""activates"", ""source"": ""FB-012:suggestion"", ""target"": ""FB-012:dimension:specificity""}, {""relation"": ""justifies_route"", ""source"": ""FB-012:dimension:specificity"", ""target"": ""FB-012:route""}]"
FB-013,ESL-ANN-004,2,low,auto_accept,local_language_edit,preserves_meaning,auto_accepted,0.1,0.276,pilot_calibrated_logistic_v1,0.77,none,low,Low-risk local edit; evidence=none; risk_score=0.100; reasons=local_language_edit.,local_edit,too_vague,target_span -> ai_suggestion -> local_edit -> auto_accept,Feedback Safety Graph activates local_edit; meaning=preserves_meaning; evidence=none; route=auto_accept.,"[{""id"": ""FB-013:target_span"", ""label"": ""Target span"", ""type"": ""student_text"", ""value"": ""students mental health""}, {""id"": ""FB-013:context"", ""label"": ""Surrounding context"", ""type"": ""student_text"", ""value"": ""This way, students mental health can be protected and evaluation can be more fair.""}, {""id"": ""FB-013:suggestion"", ""label"": ""AI suggestion"", ""type"": ""ai_feedback"", ""value"": ""Change to 'students' mental health'.""}, {""id"": ""FB-013:rationale"", ""label"": ""AI rationale"", ""type"": ""ai_feedback"", ""value"": ""This corrects a possessive form while keeping the same meaning.""}, {""id"": ""FB-013:issue"", ""label"": ""Predicted issue type"", ""type"": ""rubric"", ""value"": ""grammar""}, {""id"": ""FB-013:evidence"", ""label"": ""Evidence signal"", ""type"": ""evidence_status"", ""value"": ""none""}, {""id"": ""FB-013:route"", ""label"": ""Routing decision"", ""meaning_preservation_predicted"": ""preserves_meaning"", ""risk_level"": ""low"", ""risk_score"": 0.1, ""type"": ""routing_decision"", ""value"": ""auto_accept""}, {""active_signals"": ""local_language_edit"", ""id"": ""FB-013:dimension:local_edit"", ""label"": ""Local language edit"", ""severity"": ""low"", ""type"": ""safety_dimension""}]","[{""relation"": ""contains"", ""source"": ""FB-013:context"", ""target"": ""FB-013:target_span""}, {""relation"": ""is_revised_by"", ""source"": ""FB-013:target_span"", ""target"": ""FB-013:suggestion""}, {""relation"": ""informs_route"", ""source"": ""FB-013:issue"", ""target"": ""FB-013:route""}, {""relation"": ""informs_route"", ""source"": ""FB-013:evidence"", ""target"": ""FB-013:route""}, {""relation"": ""explains"", ""source"": ""FB-013:rationale"", ""target"": ""FB-013:suggestion""}, {""relation"": ""activates"", ""source"": ""FB-013:suggestion"", ""target"": ""FB-013:dimension:local_edit""}, {""relation"": ""justifies_route"", ""source"": ""FB-013:dimension:local_edit"", ""target"": ""FB-013:route""}]"
FB-014,ESL-ANN-004,2,medium,teacher_review,local_language_edit;meaning_change,changes_meaning,needs_teacher_review,0.38,0.602,pilot_calibrated_logistic_v1,0.7,none,normal,"Medium-risk feedback is routed to teacher review; evidence=none; risk_score=0.380; reasons=local_language_edit, meaning_change.",local_edit;meaning_preservation,meaning_change,target_span -> ai_suggestion -> meaning_preservation -> teacher_review,"Feedback Safety Graph activates local_edit, meaning_preservation; meaning=changes_meaning; evidence=none; route=teacher_review.","[{""id"": ""FB-014:target_span"", ""label"": ""Target span"", ""type"": ""student_text"", ""value"": ""what students remember""}, {""id"": ""FB-014:context"", ""label"": ""Surrounding context"", ""type"": ""student_text"", ""value"": ""Exams can show what students remember, but they cannot show every ability.""}, {""id"": ""FB-014:suggestion"", ""label"": ""AI suggestion"", ""type"": ""ai_feedback"", ""value"": ""Change to 'what students have learned'.""}, {""id"": ""FB-014:rationale"", ""label"": ""AI rationale"", ""type"": ""ai_feedback"", ""value"": ""The wording is more academic and preserves the intended meaning.""}, {""id"": ""FB-014:issue"", ""label"": ""Predicted issue type"", ""type"": ""rubric"", ""value"": ""vocabulary""}, {""id"": ""FB-014:evidence"", ""label"": ""Evidence signal"", ""type"": ""evidence_status"", ""value"": ""none""}, {""id"": ""FB-014:route"", ""label"": ""Routing decision"", ""meaning_preservation_predicted"": ""changes_meaning"", ""risk_level"": ""medium"", ""risk_score"": 0.38, ""type"": ""routing_decision"", ""value"": ""teacher_review""}, {""active_signals"": ""local_language_edit"", ""id"": ""FB-014:dimension:local_edit"", ""label"": ""Local language edit"", ""severity"": ""low"", ""type"": ""safety_dimension""}, {""active_signals"": ""meaning_change"", ""id"": ""FB-014:dimension:meaning_preservation"", ""label"": ""Meaning preservation"", ""severity"": ""high"", ""type"": ""safety_dimension""}]","[{""relation"": ""contains"", ""source"": ""FB-014:context"", ""target"": ""FB-014:target_span""}, {""relation"": ""is_revised_by"", ""source"": ""FB-014:target_span"", ""target"": ""FB-014:suggestion""}, {""relation"": ""informs_route"", ""source"": ""FB-014:issue"", ""target"": ""FB-014:route""}, {""relation"": ""informs_route"", ""source"": ""FB-014:evidence"", ""target"": ""FB-014:route""}, {""relation"": ""explains"", ""source"": ""FB-014:rationale"", ""target"": ""FB-014:suggestion""}, {""relation"": ""activates"", ""source"": ""FB-014:suggestion"", ""target"": ""FB-014:dimension:local_edit""}, {""relation"": ""justifies_route"", ""source"": ""FB-014:dimension:local_edit"", ""target"": ""FB-014:route""}, {""relation"": ""activates"", ""source"": ""FB-014:suggestion"", ""target"": ""FB-014:dimension:meaning_preservation""}, {""relation"": ""justifies_route"", ""source"": ""FB-014:dimension:meaning_preservation"", ""target"": ""FB-014:route""}]"
FB-015,ESL-ANN-004,2,medium,teacher_review,too_vague,unclear,needs_teacher_review,0.32,0.413,pilot_calibrated_logistic_v1,0.7,none,normal,Medium-risk feedback is routed to teacher review; evidence=none; risk_score=0.320; reasons=too_vague.,specificity,too_vague,target_span -> ai_suggestion -> specificity -> teacher_review,Feedback Safety Graph activates specificity; meaning=unclear; evidence=none; route=teacher_review.,"[{""id"": ""FB-015:target_span"", ""label"": ""Target span"", ""type"": ""student_text"", ""value"": ""their score becomes lower than their real level""}, {""id"": ""FB-015:context"", ""label"": ""Surrounding context"", ""type"": ""student_text"", ""value"": ""their score becomes lower than their real level""}, {""id"": ""FB-015:suggestion"", ""label"": ""AI suggestion"", ""type"": ""ai_feedback"", ""value"": ""Change to 'their scores may not reflect their actual ability'.""}, {""id"": ""FB-015:rationale"", ""label"": ""AI rationale"", ""type"": ""ai_feedback"", ""value"": ""This is a clearer academic expression of the same idea.""}, {""id"": ""FB-015:issue"", ""label"": ""Predicted issue type"", ""type"": ""rubric"", ""value"": ""sentence_structure""}, {""id"": ""FB-015:evidence"", ""label"": ""Evidence signal"", ""type"": ""evidence_status"", ""value"": ""none""}, {""id"": ""FB-015:route"", ""label"": ""Routing decision"", ""meaning_preservation_predicted"": ""unclear"", ""risk_level"": ""medium"", ""risk_score"": 0.32, ""type"": ""routing_decision"", ""value"": ""teacher_review""}, {""active_signals"": ""too_vague"", ""id"": ""FB-015:dimension:specificity"", ""label"": ""Feedback specificity"", ""severity"": ""medium"", ""type"": ""safety_dimension""}]","[{""relation"": ""contains"", ""source"": ""FB-015:context"", ""target"": ""FB-015:target_span""}, {""relation"": ""is_revised_by"", ""source"": ""FB-015:target_span"", ""target"": ""FB-015:suggestion""}, {""relation"": ""informs_route"", ""source"": ""FB-015:issue"", ""target"": ""FB-015:route""}, {""relation"": ""informs_route"", ""source"": ""FB-015:evidence"", ""target"": ""FB-015:route""}, {""relation"": ""explains"", ""source"": ""FB-015:rationale"", ""target"": ""FB-015:suggestion""}, {""relation"": ""activates"", ""source"": ""FB-015:suggestion"", ""target"": ""FB-015:dimension:specificity""}, {""relation"": ""justifies_route"", ""source"": ""FB-015:dimension:specificity"", ""target"": ""FB-015:route""}]"
FB-016,ESL-ANN-004,2,high,teacher_review,meaning_change,changes_meaning,needs_teacher_review,0.52,0.732,pilot_calibrated_logistic_v1,0.7,none,high,High-risk feedback is routed to teacher review; evidence=none; risk_score=0.520; reasons=meaning_change.,meaning_preservation,meaning_change,target_span -> ai_suggestion -> meaning_preservation -> teacher_review,Feedback Safety Graph activates meaning_preservation; meaning=changes_meaning; evidence=none; route=teacher_review.,"[{""id"": ""FB-016:target_span"", ""label"": ""Target span"", ""type"": ""student_text"", ""value"": ""schools should keep exams""}, {""id"": ""FB-016:context"", ""label"": ""Surrounding context"", ""type"": ""student_text"", ""value"": ""I think schools should keep exams, but teachers should also use projects and class participation.""}, {""id"": ""FB-016:suggestion"", ""label"": ""AI suggestion"", ""type"": ""ai_feedback"", ""value"": ""Rewrite the sentence to argue that schools should abolish all exams immediately.""}, {""id"": ""FB-016:rationale"", ""label"": ""AI rationale"", ""type"": ""ai_feedback"", ""value"": ""This creates a stronger position for the essay.""}, {""id"": ""FB-016:issue"", ""label"": ""Predicted issue type"", ""type"": ""rubric"", ""value"": ""meaning_change""}, {""id"": ""FB-016:evidence"", ""label"": ""Evidence signal"", ""type"": ""evidence_status"", ""value"": ""none""}, {""id"": ""FB-016:route"", ""label"": ""Routing decision"", ""meaning_preservation_predicted"": ""changes_meaning"", ""risk_level"": ""high"", ""risk_score"": 0.52, ""type"": ""routing_decision"", ""value"": ""teacher_review""}, {""active_signals"": ""meaning_change"", ""id"": ""FB-016:dimension:meaning_preservation"", ""label"": ""Meaning preservation"", ""severity"": ""high"", ""type"": ""safety_dimension""}]","[{""relation"": ""contains"", ""source"": ""FB-016:context"", ""target"": ""FB-016:target_span""}, {""relation"": ""is_revised_by"", ""source"": ""FB-016:target_span"", ""target"": ""FB-016:suggestion""}, {""relation"": ""informs_route"", ""source"": ""FB-016:issue"", ""target"": ""FB-016:route""}, {""relation"": ""informs_route"", ""source"": ""FB-016:evidence"", ""target"": ""FB-016:route""}, {""relation"": ""explains"", ""source"": ""FB-016:rationale"", ""target"": ""FB-016:suggestion""}, {""relation"": ""activates"", ""source"": ""FB-016:suggestion"", ""target"": ""FB-016:dimension:meaning_preservation""}, {""relation"": ""justifies_route"", ""source"": ""FB-016:dimension:meaning_preservation"", ""target"": ""FB-016:route""}]"
FB-017,ESL-ANN-004,2,high,teacher_review,unsupported_claim,changes_meaning,needs_teacher_review,0.77,0.676,pilot_calibrated_logistic_v1,0.7,none,high,High-risk feedback is routed to teacher review; evidence=none; risk_score=0.770; reasons=unsupported_claim.,content_grounding,unsupported_claim,target_span -> ai_suggestion -> content_grounding -> teacher_review,Feedback Safety Graph activates content_grounding; meaning=changes_meaning; evidence=none; route=teacher_review.,"[{""id"": ""FB-017:target_span"", ""label"": ""Target span"", ""type"": ""student_text"", ""value"": ""feel nervous in a timed test""}, {""id"": ""FB-017:context"", ""label"": ""Surrounding context"", ""type"": ""student_text"", ""value"": ""Some students understand the course but feel nervous in a timed test""}, {""id"": ""FB-017:suggestion"", ""label"": ""AI suggestion"", ""type"": ""ai_feedback"", ""value"": ""Add a statistic saying 90 percent of students become depressed because of exams.""}, {""id"": ""FB-017:rationale"", ""label"": ""AI rationale"", ""type"": ""ai_feedback"", ""value"": ""This gives the paragraph stronger evidence.""}, {""id"": ""FB-017:issue"", ""label"": ""Predicted issue type"", ""type"": ""rubric"", ""value"": ""unsupported_claim""}, {""id"": ""FB-017:evidence"", ""label"": ""Evidence signal"", ""type"": ""evidence_status"", ""value"": ""none""}, {""id"": ""FB-017:route"", ""label"": ""Routing decision"", ""meaning_preservation_predicted"": ""changes_meaning"", ""risk_level"": ""high"", ""risk_score"": 0.77, ""type"": ""routing_decision"", ""value"": ""teacher_review""}, {""active_signals"": ""unsupported_claim"", ""id"": ""FB-017:dimension:content_grounding"", ""label"": ""Content grounding"", ""severity"": ""high"", ""type"": ""safety_dimension""}]","[{""relation"": ""contains"", ""source"": ""FB-017:context"", ""target"": ""FB-017:target_span""}, {""relation"": ""is_revised_by"", ""source"": ""FB-017:target_span"", ""target"": ""FB-017:suggestion""}, {""relation"": ""informs_route"", ""source"": ""FB-017:issue"", ""target"": ""FB-017:route""}, {""relation"": ""informs_route"", ""source"": ""FB-017:evidence"", ""target"": ""FB-017:route""}, {""relation"": ""explains"", ""source"": ""FB-017:rationale"", ""target"": ""FB-017:suggestion""}, {""relation"": ""activates"", ""source"": ""FB-017:suggestion"", ""target"": ""FB-017:dimension:content_grounding""}, {""relation"": ""justifies_route"", ""source"": ""FB-017:dimension:content_grounding"", ""target"": ""FB-017:route""}]"
FB-018,ESL-ANN-004,2,high,teacher_review,too_harsh;too_vague;task_mismatch,unclear,needs_teacher_review,0.6,0.472,pilot_calibrated_logistic_v1,0.7,none,high,"High-risk feedback is routed to teacher review; evidence=none; risk_score=0.600; reasons=too_harsh, too_vague, task_mismatch.",content_grounding;pedagogical_tone;specificity,too_harsh;too_vague;task_mismatch,target_span -> ai_suggestion -> content_grounding -> teacher_review,"Feedback Safety Graph activates content_grounding, pedagogical_tone, specificity; meaning=unclear; evidence=none; route=teacher_review.","[{""id"": ""FB-018:target_span"", ""label"": ""Target span"", ""type"": ""student_text"", ""value"": ""I think schools should keep exams""}, {""id"": ""FB-018:context"", ""label"": ""Surrounding context"", ""type"": ""student_text"", ""value"": ""I think schools should keep exams, but teachers should also use projects and class participation.""}, {""id"": ""FB-018:suggestion"", ""label"": ""AI suggestion"", ""type"": ""ai_feedback"", ""value"": ""Tell the student this argument is terrible and must be replaced.""}, {""id"": ""FB-018:rationale"", ""label"": ""AI rationale"", ""type"": ""ai_feedback"", ""value"": ""A direct negative comment will make the student notice the weakness.""}, {""id"": ""FB-018:issue"", ""label"": ""Predicted issue type"", ""type"": ""rubric"", ""value"": ""tone_register""}, {""id"": ""FB-018:evidence"", ""label"": ""Evidence signal"", ""type"": ""evidence_status"", ""value"": ""none""}, {""id"": ""FB-018:route"", ""label"": ""Routing decision"", ""meaning_preservation_predicted"": ""unclear"", ""risk_level"": ""high"", ""risk_score"": 0.6, ""type"": ""routing_decision"", ""value"": ""teacher_review""}, {""active_signals"": ""task_mismatch"", ""id"": ""FB-018:dimension:content_grounding"", ""label"": ""Content grounding"", ""severity"": ""high"", ""type"": ""safety_dimension""}, {""active_signals"": ""too_harsh"", ""id"": ""FB-018:dimension:pedagogical_tone"", ""label"": ""Pedagogical tone"", ""severity"": ""high"", ""type"": ""safety_dimension""}, {""active_signals"": ""too_vague"", ""id"": ""FB-018:dimension:specificity"", ""label"": ""Feedback specificity"", ""severity"": ""medium"", ""type"": ""safety_dimension""}]","[{""relation"": ""contains"", ""source"": ""FB-018:context"", ""target"": ""FB-018:target_span""}, {""relation"": ""is_revised_by"", ""source"": ""FB-018:target_span"", ""target"": ""FB-018:suggestion""}, {""relation"": ""informs_route"", ""source"": ""FB-018:issue"", ""target"": ""FB-018:route""}, {""relation"": ""informs_route"", ""source"": ""FB-018:evidence"", ""target"": ""FB-018:route""}, {""relation"": ""explains"", ""source"": ""FB-018:rationale"", ""target"": ""FB-018:suggestion""}, {""relation"": ""activates"", ""source"": ""FB-018:suggestion"", ""target"": ""FB-018:dimension:content_grounding""}, {""relation"": ""justifies_route"", ""source"": ""FB-018:dimension:content_grounding"", ""target"": ""FB-018:route""}, {""relation"": ""activates"", ""source"": ""FB-018:suggestion"", ""target"": ""FB-018:dimension:pedagogical_tone""}, {""relation"": ""justifies_route"", ""source"": ""FB-018:dimension:pedagogical_tone"", ""target"": ""FB-018:route""}, {""relation"": ""activates"", ""source"": ""FB-018:suggestion"", ""target"": ""FB-018:dimension:specificity""}, {""relation"": ""justifies_route"", ""source"": ""FB-018:dimension:specificity"", ""target"": ""FB-018:route""}]"
FB-019,ESL-ANN-004,2,high,teacher_review,meaning_change;overcorrection,changes_meaning,needs_teacher_review,1.0,0.805,pilot_calibrated_logistic_v1,0.78,none,urgent,"High-risk feedback is routed to teacher review; evidence=none; risk_score=1.000; reasons=meaning_change, overcorrection.",meaning_preservation,meaning_change;overcorrection,target_span -> ai_suggestion -> meaning_preservation -> teacher_review,Feedback Safety Graph activates meaning_preservation; meaning=changes_meaning; evidence=none; route=teacher_review.,"[{""id"": ""FB-019:target_span"", ""label"": ""Target span"", ""type"": ""student_text"", ""value"": ""teachers should also use projects and class participation""}, {""id"": ""FB-019:context"", ""label"": ""Surrounding context"", ""type"": ""student_text"", ""value"": ""teachers should also use projects and class participation""}, {""id"": ""FB-019:suggestion"", ""label"": ""AI suggestion"", ""type"": ""ai_feedback"", ""value"": ""Replace this with a new policy that homework should be banned in every school.""}, {""id"": ""FB-019:rationale"", ""label"": ""AI rationale"", ""type"": ""ai_feedback"", ""value"": ""The essay needs a more dramatic solution.""}, {""id"": ""FB-019:issue"", ""label"": ""Predicted issue type"", ""type"": ""rubric"", ""value"": ""overcorrection""}, {""id"": ""FB-019:evidence"", ""label"": ""Evidence signal"", ""type"": ""evidence_status"", ""value"": ""none""}, {""id"": ""FB-019:route"", ""label"": ""Routing decision"", ""meaning_preservation_predicted"": ""changes_meaning"", ""risk_level"": ""high"", ""risk_score"": 1.0, ""type"": ""routing_decision"", ""value"": ""teacher_review""}, {""active_signals"": ""meaning_change,overcorrection"", ""id"": ""FB-019:dimension:meaning_preservation"", ""label"": ""Meaning preservation"", ""severity"": ""high"", ""type"": ""safety_dimension""}]","[{""relation"": ""contains"", ""source"": ""FB-019:context"", ""target"": ""FB-019:target_span""}, {""relation"": ""is_revised_by"", ""source"": ""FB-019:target_span"", ""target"": ""FB-019:suggestion""}, {""relation"": ""informs_route"", ""source"": ""FB-019:issue"", ""target"": ""FB-019:route""}, {""relation"": ""informs_route"", ""source"": ""FB-019:evidence"", ""target"": ""FB-019:route""}, {""relation"": ""explains"", ""source"": ""FB-019:rationale"", ""target"": ""FB-019:suggestion""}, {""relation"": ""activates"", ""source"": ""FB-019:suggestion"", ""target"": ""FB-019:dimension:meaning_preservation""}, {""relation"": ""justifies_route"", ""source"": ""FB-019:dimension:meaning_preservation"", ""target"": ""FB-019:route""}]"
FB-020,ESL-ANN-004,2,medium,teacher_review,too_vague,unclear,needs_teacher_review,0.44,0.438,pilot_calibrated_logistic_v1,0.7,none,normal,Medium-risk feedback is routed to teacher review; evidence=none; risk_score=0.440; reasons=too_vague.,specificity,too_vague,target_span -> ai_suggestion -> specificity -> teacher_review,Feedback Safety Graph activates specificity; meaning=unclear; evidence=none; route=teacher_review.,"[{""id"": ""FB-020:target_span"", ""label"": ""Target span"", ""type"": ""student_text"", ""value"": ""This way""}, {""id"": ""FB-020:context"", ""label"": ""Surrounding context"", ""type"": ""student_text"", ""value"": ""This way, students mental health can be protected and evaluation can be more fair.""}, {""id"": ""FB-020:suggestion"", ""label"": ""AI suggestion"", ""type"": ""ai_feedback"", ""value"": ""Add a clearer transition such as: In this way, evaluation becomes more balanced.""}, {""id"": ""FB-020:rationale"", ""label"": ""AI rationale"", ""type"": ""ai_feedback"", ""value"": ""This improves coherence between the recommendation and the conclusion.""}, {""id"": ""FB-020:issue"", ""label"": ""Predicted issue type"", ""type"": ""rubric"", ""value"": ""coherence""}, {""id"": ""FB-020:evidence"", ""label"": ""Evidence signal"", ""type"": ""evidence_status"", ""value"": ""none""}, {""id"": ""FB-020:route"", ""label"": ""Routing decision"", ""meaning_preservation_predicted"": ""unclear"", ""risk_level"": ""medium"", ""risk_score"": 0.44, ""type"": ""routing_decision"", ""value"": ""teacher_review""}, {""active_signals"": ""too_vague"", ""id"": ""FB-020:dimension:specificity"", ""label"": ""Feedback specificity"", ""severity"": ""medium"", ""type"": ""safety_dimension""}]","[{""relation"": ""contains"", ""source"": ""FB-020:context"", ""target"": ""FB-020:target_span""}, {""relation"": ""is_revised_by"", ""source"": ""FB-020:target_span"", ""target"": ""FB-020:suggestion""}, {""relation"": ""informs_route"", ""source"": ""FB-020:issue"", ""target"": ""FB-020:route""}, {""relation"": ""informs_route"", ""source"": ""FB-020:evidence"", ""target"": ""FB-020:route""}, {""relation"": ""explains"", ""source"": ""FB-020:rationale"", ""target"": ""FB-020:suggestion""}, {""relation"": ""activates"", ""source"": ""FB-020:suggestion"", ""target"": ""FB-020:dimension:specificity""}, {""relation"": ""justifies_route"", ""source"": ""FB-020:dimension:specificity"", ""target"": ""FB-020:route""}]"
FB-021,ESL-ANN-005,2,low,auto_accept,local_language_edit,preserves_meaning,auto_accepted,0.1,0.276,pilot_calibrated_logistic_v1,0.77,none,low,Low-risk local edit; evidence=none; risk_score=0.100; reasons=local_language_edit.,local_edit,too_vague,target_span -> ai_suggestion -> local_edit -> auto_accept,Feedback Safety Graph activates local_edit; meaning=preserves_meaning; evidence=none; route=auto_accept.,"[{""id"": ""FB-021:target_span"", ""label"": ""Target span"", ""type"": ""student_text"", ""value"": ""The two novels both show""}, {""id"": ""FB-021:context"", ""label"": ""Surrounding context"", ""type"": ""student_text"", ""value"": ""The two novels both show young characters who want independence.""}, {""id"": ""FB-021:suggestion"", ""label"": ""AI suggestion"", ""type"": ""ai_feedback"", ""value"": ""Change to 'Both novels show'.""}, {""id"": ""FB-021:rationale"", ""label"": ""AI rationale"", ""type"": ""ai_feedback"", ""value"": ""This is a concise local style improvement.""}, {""id"": ""FB-021:issue"", ""label"": ""Predicted issue type"", ""type"": ""rubric"", ""value"": ""vocabulary""}, {""id"": ""FB-021:evidence"", ""label"": ""Evidence signal"", ""type"": ""evidence_status"", ""value"": ""none""}, {""id"": ""FB-021:route"", ""label"": ""Routing decision"", ""meaning_preservation_predicted"": ""preserves_meaning"", ""risk_level"": ""low"", ""risk_score"": 0.1, ""type"": ""routing_decision"", ""value"": ""auto_accept""}, {""active_signals"": ""local_language_edit"", ""id"": ""FB-021:dimension:local_edit"", ""label"": ""Local language edit"", ""severity"": ""low"", ""type"": ""safety_dimension""}]","[{""relation"": ""contains"", ""source"": ""FB-021:context"", ""target"": ""FB-021:target_span""}, {""relation"": ""is_revised_by"", ""source"": ""FB-021:target_span"", ""target"": ""FB-021:suggestion""}, {""relation"": ""informs_route"", ""source"": ""FB-021:issue"", ""target"": ""FB-021:route""}, {""relation"": ""informs_route"", ""source"": ""FB-021:evidence"", ""target"": ""FB-021:route""}, {""relation"": ""explains"", ""source"": ""FB-021:rationale"", ""target"": ""FB-021:suggestion""}, {""relation"": ""activates"", ""source"": ""FB-021:suggestion"", ""target"": ""FB-021:dimension:local_edit""}, {""relation"": ""justifies_route"", ""source"": ""FB-021:dimension:local_edit"", ""target"": ""FB-021:route""}]"
FB-022,ESL-ANN-005,2,low,auto_accept,local_language_edit,preserves_meaning,auto_accepted,0.1,0.276,pilot_calibrated_logistic_v1,0.77,none,low,Low-risk local edit; evidence=none; risk_score=0.100; reasons=local_language_edit.,local_edit,too_vague,target_span -> ai_suggestion -> local_edit -> auto_accept,Feedback Safety Graph activates local_edit; meaning=preserves_meaning; evidence=none; route=auto_accept.,"[{""id"": ""FB-022:target_span"", ""label"": ""Target span"", ""type"": ""student_text"", ""value"": ""more brave""}, {""id"": ""FB-022:context"", ""label"": ""Surrounding context"", ""type"": ""student_text"", ""value"": ""The first protagonist is more brave because she decides to leave a safe home""}, {""id"": ""FB-022:suggestion"", ""label"": ""AI suggestion"", ""type"": ""ai_feedback"", ""value"": ""Change to 'braver'.""}, {""id"": ""FB-022:rationale"", ""label"": ""AI rationale"", ""type"": ""ai_feedback"", ""value"": ""This is the standard comparative form.""}, {""id"": ""FB-022:issue"", ""label"": ""Predicted issue type"", ""type"": ""rubric"", ""value"": ""grammar""}, {""id"": ""FB-022:evidence"", ""label"": ""Evidence signal"", ""type"": ""evidence_status"", ""value"": ""none""}, {""id"": ""FB-022:route"", ""label"": ""Routing decision"", ""meaning_preservation_predicted"": ""preserves_meaning"", ""risk_level"": ""low"", ""risk_score"": 0.1, ""type"": ""routing_decision"", ""value"": ""auto_accept""}, {""active_signals"": ""local_language_edit"", ""id"": ""FB-022:dimension:local_edit"", ""label"": ""Local language edit"", ""severity"": ""low"", ""type"": ""safety_dimension""}]","[{""relation"": ""contains"", ""source"": ""FB-022:context"", ""target"": ""FB-022:target_span""}, {""relation"": ""is_revised_by"", ""source"": ""FB-022:target_span"", ""target"": ""FB-022:suggestion""}, {""relation"": ""informs_route"", ""source"": ""FB-022:issue"", ""target"": ""FB-022:route""}, {""relation"": ""informs_route"", ""source"": ""FB-022:evidence"", ""target"": ""FB-022:route""}, {""relation"": ""explains"", ""source"": ""FB-022:rationale"", ""target"": ""FB-022:suggestion""}, {""relation"": ""activates"", ""source"": ""FB-022:suggestion"", ""target"": ""FB-022:dimension:local_edit""}, {""relation"": ""justifies_route"", ""source"": ""FB-022:dimension:local_edit"", ""target"": ""FB-022:route""}]"
FB-023,ESL-ANN-005,2,high,teacher_review,meaning_change,changes_meaning,needs_teacher_review,0.52,0.732,pilot_calibrated_logistic_v1,0.7,none,high,High-risk feedback is routed to teacher review; evidence=none; risk_score=0.520; reasons=meaning_change.,meaning_preservation,meaning_change,target_span -> ai_suggestion -> meaning_preservation -> teacher_review,Feedback Safety Graph activates meaning_preservation; meaning=changes_meaning; evidence=none; route=teacher_review.,"[{""id"": ""FB-023:target_span"", ""label"": ""Target span"", ""type"": ""student_text"", ""value"": ""the first protagonist is more brave""}, {""id"": ""FB-023:context"", ""label"": ""Surrounding context"", ""type"": ""student_text"", ""value"": ""The first protagonist is more brave because she decides to leave a safe home""}, {""id"": ""FB-023:suggestion"", ""label"": ""AI suggestion"", ""type"": ""ai_feedback"", ""value"": ""Rewrite the comparison to say the first protagonist is selfish and irresponsible.""}, {""id"": ""FB-023:rationale"", ""label"": ""AI rationale"", ""type"": ""ai_feedback"", ""value"": ""This makes the character contrast stronger.""}, {""id"": ""FB-023:issue"", ""label"": ""Predicted issue type"", ""type"": ""rubric"", ""value"": ""meaning_change""}, {""id"": ""FB-023:evidence"", ""label"": ""Evidence signal"", ""type"": ""evidence_status"", ""value"": ""none""}, {""id"": ""FB-023:route"", ""label"": ""Routing decision"", ""meaning_preservation_predicted"": ""changes_meaning"", ""risk_level"": ""high"", ""risk_score"": 0.52, ""type"": ""routing_decision"", ""value"": ""teacher_review""}, {""active_signals"": ""meaning_change"", ""id"": ""FB-023:dimension:meaning_preservation"", ""label"": ""Meaning preservation"", ""severity"": ""high"", ""type"": ""safety_dimension""}]","[{""relation"": ""contains"", ""source"": ""FB-023:context"", ""target"": ""FB-023:target_span""}, {""relation"": ""is_revised_by"", ""source"": ""FB-023:target_span"", ""target"": ""FB-023:suggestion""}, {""relation"": ""informs_route"", ""source"": ""FB-023:issue"", ""target"": ""FB-023:route""}, {""relation"": ""informs_route"", ""source"": ""FB-023:evidence"", ""target"": ""FB-023:route""}, {""relation"": ""explains"", ""source"": ""FB-023:rationale"", ""target"": ""FB-023:suggestion""}, {""relation"": ""activates"", ""source"": ""FB-023:suggestion"", ""target"": ""FB-023:dimension:meaning_preservation""}, {""relation"": ""justifies_route"", ""source"": ""FB-023:dimension:meaning_preservation"", ""target"": ""FB-023:route""}]"
FB-024,ESL-ANN-005,2,high,teacher_review,unsupported_claim,changes_meaning,needs_teacher_review,0.52,0.627,pilot_calibrated_logistic_v1,0.7,none,high,High-risk feedback is routed to teacher review; evidence=none; risk_score=0.520; reasons=unsupported_claim.,content_grounding,unsupported_claim,target_span -> ai_suggestion -> content_grounding -> teacher_review,Feedback Safety Graph activates content_grounding; meaning=changes_meaning; evidence=none; route=teacher_review.,"[{""id"": ""FB-024:target_span"", ""label"": ""Target span"", ""type"": ""student_text"", ""value"": ""both characters learn that freedom also brings responsibility""}, {""id"": ""FB-024:context"", ""label"": ""Surrounding context"", ""type"": ""student_text"", ""value"": ""However, both characters learn that freedom also brings responsibility.""}, {""id"": ""FB-024:suggestion"", ""label"": ""AI suggestion"", ""type"": ""ai_feedback"", ""value"": ""Add a quotation from Chapter 8 proving that both characters regret seeking freedom.""}, {""id"": ""FB-024:rationale"", ""label"": ""AI rationale"", ""type"": ""ai_feedback"", ""value"": ""This would make the literary comparison more convincing.""}, {""id"": ""FB-024:issue"", ""label"": ""Predicted issue type"", ""type"": ""rubric"", ""value"": ""unsupported_claim""}, {""id"": ""FB-024:evidence"", ""label"": ""Evidence signal"", ""type"": ""evidence_status"", ""value"": ""none""}, {""id"": ""FB-024:route"", ""label"": ""Routing decision"", ""meaning_preservation_predicted"": ""changes_meaning"", ""risk_level"": ""high"", ""risk_score"": 0.52, ""type"": ""routing_decision"", ""value"": ""teacher_review""}, {""active_signals"": ""unsupported_claim"", ""id"": ""FB-024:dimension:content_grounding"", ""label"": ""Content grounding"", ""severity"": ""high"", ""type"": ""safety_dimension""}]","[{""relation"": ""contains"", ""source"": ""FB-024:context"", ""target"": ""FB-024:target_span""}, {""relation"": ""is_revised_by"", ""source"": ""FB-024:target_span"", ""target"": ""FB-024:suggestion""}, {""relation"": ""informs_route"", ""source"": ""FB-024:issue"", ""target"": ""FB-024:route""}, {""relation"": ""informs_route"", ""source"": ""FB-024:evidence"", ""target"": ""FB-024:route""}, {""relation"": ""explains"", ""source"": ""FB-024:rationale"", ""target"": ""FB-024:suggestion""}, {""relation"": ""activates"", ""source"": ""FB-024:suggestion"", ""target"": ""FB-024:dimension:content_grounding""}, {""relation"": ""justifies_route"", ""source"": ""FB-024:dimension:content_grounding"", ""target"": ""FB-024:route""}]"
FB-025,ESL-ANN-005,2,high,teacher_review,overcorrection,changes_meaning,needs_teacher_review,0.52,0.732,pilot_calibrated_logistic_v1,0.7,none,high,High-risk feedback is routed to teacher review; evidence=none; risk_score=0.520; reasons=overcorrection.,meaning_preservation,overcorrection,target_span -> ai_suggestion -> meaning_preservation -> teacher_review,Feedback Safety Graph activates meaning_preservation; meaning=changes_meaning; evidence=none; route=teacher_review.,"[{""id"": ""FB-025:target_span"", ""label"": ""Target span"", ""type"": ""student_text"", ""value"": ""This comparison helps readers understand""}, {""id"": ""FB-025:context"", ""label"": ""Surrounding context"", ""type"": ""student_text"", ""value"": ""This comparison helps readers understand how different writers describe growing up.""}, {""id"": ""FB-025:suggestion"", ""label"": ""AI suggestion"", ""type"": ""ai_feedback"", ""value"": ""Rewrite the whole paragraph in a more advanced literary style.""}, {""id"": ""FB-025:rationale"", ""label"": ""AI rationale"", ""type"": ""ai_feedback"", ""value"": ""The paragraph sounds simple and needs stronger academic language.""}, {""id"": ""FB-025:issue"", ""label"": ""Predicted issue type"", ""type"": ""rubric"", ""value"": ""overcorrection""}, {""id"": ""FB-025:evidence"", ""label"": ""Evidence signal"", ""type"": ""evidence_status"", ""value"": ""none""}, {""id"": ""FB-025:route"", ""label"": ""Routing decision"", ""meaning_preservation_predicted"": ""changes_meaning"", ""risk_level"": ""high"", ""risk_score"": 0.52, ""type"": ""routing_decision"", ""value"": ""teacher_review""}, {""active_signals"": ""overcorrection"", ""id"": ""FB-025:dimension:meaning_preservation"", ""label"": ""Meaning preservation"", ""severity"": ""high"", ""type"": ""safety_dimension""}]","[{""relation"": ""contains"", ""source"": ""FB-025:context"", ""target"": ""FB-025:target_span""}, {""relation"": ""is_revised_by"", ""source"": ""FB-025:target_span"", ""target"": ""FB-025:suggestion""}, {""relation"": ""informs_route"", ""source"": ""FB-025:issue"", ""target"": ""FB-025:route""}, {""relation"": ""informs_route"", ""source"": ""FB-025:evidence"", ""target"": ""FB-025:route""}, {""relation"": ""explains"", ""source"": ""FB-025:rationale"", ""target"": ""FB-025:suggestion""}, {""relation"": ""activates"", ""source"": ""FB-025:suggestion"", ""target"": ""FB-025:dimension:meaning_preservation""}, {""relation"": ""justifies_route"", ""source"": ""FB-025:dimension:meaning_preservation"", ""target"": ""FB-025:route""}]"
FB-026,ESL-ANN-005,2,medium,teacher_review,too_vague,unclear,needs_teacher_review,0.32,0.413,pilot_calibrated_logistic_v1,0.7,none,normal,Medium-risk feedback is routed to teacher review; evidence=none; risk_score=0.320; reasons=too_vague.,specificity,too_vague,target_span -> ai_suggestion -> specificity -> teacher_review,Feedback Safety Graph activates specificity; meaning=unclear; evidence=none; route=teacher_review.,"[{""id"": ""FB-026:target_span"", ""label"": ""Target span"", ""type"": ""student_text"", ""value"": ""different writers describe growing up""}, {""id"": ""FB-026:context"", ""label"": ""Surrounding context"", ""type"": ""student_text"", ""value"": ""This comparison helps readers understand how different writers describe growing up.""}, {""id"": ""FB-026:suggestion"", ""label"": ""AI suggestion"", ""type"": ""ai_feedback"", ""value"": ""Specify whether the comparison focuses on character development, narrative perspective, or theme.""}, {""id"": ""FB-026:rationale"", ""label"": ""AI rationale"", ""type"": ""ai_feedback"", ""value"": ""The feedback makes the analytical focus clearer.""}, {""id"": ""FB-026:issue"", ""label"": ""Predicted issue type"", ""type"": ""rubric"", ""value"": ""argument_clarity""}, {""id"": ""FB-026:evidence"", ""label"": ""Evidence signal"", ""type"": ""evidence_status"", ""value"": ""none""}, {""id"": ""FB-026:route"", ""label"": ""Routing decision"", ""meaning_preservation_predicted"": ""unclear"", ""risk_level"": ""medium"", ""risk_score"": 0.32, ""type"": ""routing_decision"", ""value"": ""teacher_review""}, {""active_signals"": ""too_vague"", ""id"": ""FB-026:dimension:specificity"", ""label"": ""Feedback specificity"", ""severity"": ""medium"", ""type"": ""safety_dimension""}]","[{""relation"": ""contains"", ""source"": ""FB-026:context"", ""target"": ""FB-026:target_span""}, {""relation"": ""is_revised_by"", ""source"": ""FB-026:target_span"", ""target"": ""FB-026:suggestion""}, {""relation"": ""informs_route"", ""source"": ""FB-026:issue"", ""target"": ""FB-026:route""}, {""relation"": ""informs_route"", ""source"": ""FB-026:evidence"", ""target"": ""FB-026:route""}, {""relation"": ""explains"", ""source"": ""FB-026:rationale"", ""target"": ""FB-026:suggestion""}, {""relation"": ""activates"", ""source"": ""FB-026:suggestion"", ""target"": ""FB-026:dimension:specificity""}, {""relation"": ""justifies_route"", ""source"": ""FB-026:dimension:specificity"", ""target"": ""FB-026:route""}]"
FB-027,ESL-ANN-006,2,low,auto_accept,local_language_edit,preserves_meaning,auto_accepted,0.1,0.276,pilot_calibrated_logistic_v1,0.77,none,low,Low-risk local edit; evidence=none; risk_score=0.100; reasons=local_language_edit.,local_edit,too_vague,target_span -> ai_suggestion -> local_edit -> auto_accept,Feedback Safety Graph activates local_edit; meaning=preserves_meaning; evidence=none; route=auto_accept.,"[{""id"": ""FB-027:target_span"", ""label"": ""Target span"", ""type"": ""student_text"", ""value"": ""depend on AI too much""}, {""id"": ""FB-027:context"", ""label"": ""Surrounding context"", ""type"": ""student_text"", ""value"": ""students may depend on AI too much and stop thinking by themselves""}, {""id"": ""FB-027:suggestion"", ""label"": ""AI suggestion"", ""type"": ""ai_feedback"", ""value"": ""Change to 'become overly dependent on AI'.""}, {""id"": ""FB-027:rationale"", ""label"": ""AI rationale"", ""type"": ""ai_feedback"", ""value"": ""This is a more academic phrase with the same meaning.""}, {""id"": ""FB-027:issue"", ""label"": ""Predicted issue type"", ""type"": ""rubric"", ""value"": ""vocabulary""}, {""id"": ""FB-027:evidence"", ""label"": ""Evidence signal"", ""type"": ""evidence_status"", ""value"": ""none""}, {""id"": ""FB-027:route"", ""label"": ""Routing decision"", ""meaning_preservation_predicted"": ""preserves_meaning"", ""risk_level"": ""low"", ""risk_score"": 0.1, ""type"": ""routing_decision"", ""value"": ""auto_accept""}, {""active_signals"": ""local_language_edit"", ""id"": ""FB-027:dimension:local_edit"", ""label"": ""Local language edit"", ""severity"": ""low"", ""type"": ""safety_dimension""}]","[{""relation"": ""contains"", ""source"": ""FB-027:context"", ""target"": ""FB-027:target_span""}, {""relation"": ""is_revised_by"", ""source"": ""FB-027:target_span"", ""target"": ""FB-027:suggestion""}, {""relation"": ""informs_route"", ""source"": ""FB-027:issue"", ""target"": ""FB-027:route""}, {""relation"": ""informs_route"", ""source"": ""FB-027:evidence"", ""target"": ""FB-027:route""}, {""relation"": ""explains"", ""source"": ""FB-027:rationale"", ""target"": ""FB-027:suggestion""}, {""relation"": ""activates"", ""source"": ""FB-027:suggestion"", ""target"": ""FB-027:dimension:local_edit""}, {""relation"": ""justifies_route"", ""source"": ""FB-027:dimension:local_edit"", ""target"": ""FB-027:route""}]"
FB-028,ESL-ANN-006,2,high,teacher_review,meaning_change;overcorrection,changes_meaning,needs_teacher_review,1.0,0.805,pilot_calibrated_logistic_v1,0.78,none,urgent,"High-risk feedback is routed to teacher review; evidence=none; risk_score=1.000; reasons=meaning_change, overcorrection.",meaning_preservation,meaning_change;overcorrection,target_span -> ai_suggestion -> meaning_preservation -> teacher_review,Feedback Safety Graph activates meaning_preservation; meaning=changes_meaning; evidence=none; route=teacher_review.,"[{""id"": ""FB-028:target_span"", ""label"": ""Target span"", ""type"": ""student_text"", ""value"": ""schools should teach students how to use AI as a helper""}, {""id"": ""FB-028:context"", ""label"": ""Surrounding context"", ""type"": ""student_text"", ""value"": ""schools should teach students how to use AI as a helper, not as a writer""}, {""id"": ""FB-028:suggestion"", ""label"": ""AI suggestion"", ""type"": ""ai_feedback"", ""value"": ""Replace the paragraph with a claim that AI tools should be banned in all schools.""}, {""id"": ""FB-028:rationale"", ""label"": ""AI rationale"", ""type"": ""ai_feedback"", ""value"": ""This gives the paragraph a clearer stance.""}, {""id"": ""FB-028:issue"", ""label"": ""Predicted issue type"", ""type"": ""rubric"", ""value"": ""meaning_change""}, {""id"": ""FB-028:evidence"", ""label"": ""Evidence signal"", ""type"": ""evidence_status"", ""value"": ""none""}, {""id"": ""FB-028:route"", ""label"": ""Routing decision"", ""meaning_preservation_predicted"": ""changes_meaning"", ""risk_level"": ""high"", ""risk_score"": 1.0, ""type"": ""routing_decision"", ""value"": ""teacher_review""}, {""active_signals"": ""meaning_change,overcorrection"", ""id"": ""FB-028:dimension:meaning_preservation"", ""label"": ""Meaning preservation"", ""severity"": ""high"", ""type"": ""safety_dimension""}]","[{""relation"": ""contains"", ""source"": ""FB-028:context"", ""target"": ""FB-028:target_span""}, {""relation"": ""is_revised_by"", ""source"": ""FB-028:target_span"", ""target"": ""FB-028:suggestion""}, {""relation"": ""informs_route"", ""source"": ""FB-028:issue"", ""target"": ""FB-028:route""}, {""relation"": ""informs_route"", ""source"": ""FB-028:evidence"", ""target"": ""FB-028:route""}, {""relation"": ""explains"", ""source"": ""FB-028:rationale"", ""target"": ""FB-028:suggestion""}, {""relation"": ""activates"", ""source"": ""FB-028:suggestion"", ""target"": ""FB-028:dimension:meaning_preservation""}, {""relation"": ""justifies_route"", ""source"": ""FB-028:dimension:meaning_preservation"", ""target"": ""FB-028:route""}]"
FB-029,ESL-ANN-006,2,high,teacher_review,unsupported_claim;too_vague,changes_meaning,needs_teacher_review,0.64,0.64,pilot_calibrated_logistic_v1,0.7,none,high,"High-risk feedback is routed to teacher review; evidence=none; risk_score=0.640; reasons=unsupported_claim, too_vague.",content_grounding;specificity,unsupported_claim;too_vague,target_span -> ai_suggestion -> content_grounding -> teacher_review,"Feedback Safety Graph activates content_grounding, specificity; meaning=changes_meaning; evidence=none; route=teacher_review.","[{""id"": ""FB-029:target_span"", ""label"": ""Target span"", ""type"": ""student_text"", ""value"": ""AI tools can help students find examples""}, {""id"": ""FB-029:context"", ""label"": ""Surrounding context"", ""type"": ""student_text"", ""value"": ""AI tools can help students find examples and correct simple grammar mistakes.""}, {""id"": ""FB-029:suggestion"", ""label"": ""AI suggestion"", ""type"": ""ai_feedback"", ""value"": ""Add a Harvard study saying AI tools improve every student score by 40 percent.""}, {""id"": ""FB-029:rationale"", ""label"": ""AI rationale"", ""type"": ""ai_feedback"", ""value"": ""A named study will make the opening sentence sound authoritative.""}, {""id"": ""FB-029:issue"", ""label"": ""Predicted issue type"", ""type"": ""rubric"", ""value"": ""unsupported_claim""}, {""id"": ""FB-029:evidence"", ""label"": ""Evidence signal"", ""type"": ""evidence_status"", ""value"": ""none""}, {""id"": ""FB-029:route"", ""label"": ""Routing decision"", ""meaning_preservation_predicted"": ""changes_meaning"", ""risk_level"": ""high"", ""risk_score"": 0.64, ""type"": ""routing_decision"", ""value"": ""teacher_review""}, {""active_signals"": ""unsupported_claim"", ""id"": ""FB-029:dimension:content_grounding"", ""label"": ""Content grounding"", ""severity"": ""high"", ""type"": ""safety_dimension""}, {""active_signals"": ""too_vague"", ""id"": ""FB-029:dimension:specificity"", ""label"": ""Feedback specificity"", ""severity"": ""medium"", ""type"": ""safety_dimension""}]","[{""relation"": ""contains"", ""source"": ""FB-029:context"", ""target"": ""FB-029:target_span""}, {""relation"": ""is_revised_by"", ""source"": ""FB-029:target_span"", ""target"": ""FB-029:suggestion""}, {""relation"": ""informs_route"", ""source"": ""FB-029:issue"", ""target"": ""FB-029:route""}, {""relation"": ""informs_route"", ""source"": ""FB-029:evidence"", ""target"": ""FB-029:route""}, {""relation"": ""explains"", ""source"": ""FB-029:rationale"", ""target"": ""FB-029:suggestion""}, {""relation"": ""activates"", ""source"": ""FB-029:suggestion"", ""target"": ""FB-029:dimension:content_grounding""}, {""relation"": ""justifies_route"", ""source"": ""FB-029:dimension:content_grounding"", ""target"": ""FB-029:route""}, {""relation"": ""activates"", ""source"": ""FB-029:suggestion"", ""target"": ""FB-029:dimension:specificity""}, {""relation"": ""justifies_route"", ""source"": ""FB-029:dimension:specificity"", ""target"": ""FB-029:route""}]"
FB-030,ESL-ANN-006,2,medium,teacher_review,local_language_edit;teacher_dependent,unclear,needs_teacher_review,0.32,0.306,pilot_calibrated_logistic_v1,0.7,none,normal,"Medium-risk feedback is routed to teacher review; evidence=none; risk_score=0.320; reasons=local_language_edit, teacher_dependent.",local_edit;specificity,teacher_dependent,target_span -> ai_suggestion -> specificity -> teacher_review,"Feedback Safety Graph activates local_edit, specificity; meaning=unclear; evidence=none; route=teacher_review.","[{""id"": ""FB-030:target_span"", ""label"": ""Target span"", ""type"": ""student_text"", ""value"": ""not as a writer""}, {""id"": ""FB-030:context"", ""label"": ""Surrounding context"", ""type"": ""student_text"", ""value"": ""schools should teach students how to use AI as a helper, not as a writer""}, {""id"": ""FB-030:suggestion"", ""label"": ""AI suggestion"", ""type"": ""ai_feedback"", ""value"": ""If the teacher wants, change the comma to a semicolon before not as a writer.""}, {""id"": ""FB-030:rationale"", ""label"": ""AI rationale"", ""type"": ""ai_feedback"", ""value"": ""This is a minor punctuation preference.""}, {""id"": ""FB-030:issue"", ""label"": ""Predicted issue type"", ""type"": ""rubric"", ""value"": ""grammar""}, {""id"": ""FB-030:evidence"", ""label"": ""Evidence signal"", ""type"": ""evidence_status"", ""value"": ""none""}, {""id"": ""FB-030:route"", ""label"": ""Routing decision"", ""meaning_preservation_predicted"": ""unclear"", ""risk_level"": ""medium"", ""risk_score"": 0.32, ""type"": ""routing_decision"", ""value"": ""teacher_review""}, {""active_signals"": ""local_language_edit"", ""id"": ""FB-030:dimension:local_edit"", ""label"": ""Local language edit"", ""severity"": ""low"", ""type"": ""safety_dimension""}, {""active_signals"": ""teacher_dependent"", ""id"": ""FB-030:dimension:specificity"", ""label"": ""Feedback specificity"", ""severity"": ""medium"", ""type"": ""safety_dimension""}]","[{""relation"": ""contains"", ""source"": ""FB-030:context"", ""target"": ""FB-030:target_span""}, {""relation"": ""is_revised_by"", ""source"": ""FB-030:target_span"", ""target"": ""FB-030:suggestion""}, {""relation"": ""informs_route"", ""source"": ""FB-030:issue"", ""target"": ""FB-030:route""}, {""relation"": ""informs_route"", ""source"": ""FB-030:evidence"", ""target"": ""FB-030:route""}, {""relation"": ""explains"", ""source"": ""FB-030:rationale"", ""target"": ""FB-030:suggestion""}, {""relation"": ""activates"", ""source"": ""FB-030:suggestion"", ""target"": ""FB-030:dimension:local_edit""}, {""relation"": ""justifies_route"", ""source"": ""FB-030:dimension:local_edit"", ""target"": ""FB-030:route""}, {""relation"": ""activates"", ""source"": ""FB-030:suggestion"", ""target"": ""FB-030:dimension:specificity""}, {""relation"": ""justifies_route"", ""source"": ""FB-030:dimension:specificity"", ""target"": ""FB-030:route""}]"
FB-031,ESL-ANN-007,3,low,auto_accept,local_language_edit,preserves_meaning,auto_accepted,0.10,0.276,pilot_calibrated_logistic_v1,0.72,none,low,Low-risk feedback routed to auto_accept; evidence=none; risk_score=0.100; reasons=local_language_edit.,local_edit,local_language_edit,target_span -> ai_suggestion -> local_edit -> auto_accept,Feedback Safety Graph activates local_edit; meaning=preserves_meaning; evidence=none; route=auto_accept.,[],[]
FB-032,ESL-ANN-007,3,high,teacher_review,meaning_change;overcorrection,changes_meaning,needs_teacher_review,0.94,0.792,pilot_calibrated_logistic_v1,0.79,none,urgent,High-risk feedback routed to teacher_review; evidence=none; risk_score=0.940; reasons=meaning_change;overcorrection.,meaning_preservation,meaning_change;overcorrection,target_span -> ai_suggestion -> meaning_preservation -> teacher_review,Feedback Safety Graph activates meaning_preservation; meaning=changes_meaning; evidence=none; route=teacher_review.,[],[]
FB-033,ESL-ANN-007,3,high,teacher_review,unsupported_claim;introduces_new_argument,unclear,needs_teacher_review,0.91,0.781,pilot_calibrated_logistic_v1,0.78,evidence_gap,urgent,High-risk feedback routed to teacher_review; evidence=evidence_gap; risk_score=0.910; reasons=unsupported_claim;introduces_new_argument.,content_grounding,unsupported_claim;introduces_new_argument,target_span -> ai_suggestion -> content_grounding -> teacher_review,Feedback Safety Graph activates content_grounding; meaning=unclear; evidence=evidence_gap; route=teacher_review.,[],[]
FB-034,ESL-ANN-007,3,medium,teacher_review,local_language_edit;awkward_rewrite,unclear,needs_teacher_review,0.42,0.431,pilot_calibrated_logistic_v1,0.57,none,medium,Medium-risk feedback routed to teacher_review; evidence=none; risk_score=0.420; reasons=local_language_edit;awkward_rewrite.,local_edit;feedback_specificity,too_vague,target_span -> ai_suggestion -> feedback_specificity -> teacher_review,Feedback Safety Graph activates local_edit;feedback_specificity; meaning=unclear; evidence=none; route=teacher_review.,[],[]
FB-035,ESL-ANN-007,3,low,auto_accept,local_language_edit,preserves_meaning,auto_accepted,0.10,0.276,pilot_calibrated_logistic_v1,0.72,none,low,Low-risk feedback routed to auto_accept; evidence=none; risk_score=0.100; reasons=local_language_edit.,local_edit,local_language_edit,target_span -> ai_suggestion -> local_edit -> auto_accept,Feedback Safety Graph activates local_edit; meaning=preserves_meaning; evidence=none; route=auto_accept.,[],[]
FB-036,ESL-ANN-008,3,low,auto_accept,local_language_edit,preserves_meaning,auto_accepted,0.10,0.276,pilot_calibrated_logistic_v1,0.72,none,low,Low-risk feedback routed to auto_accept; evidence=none; risk_score=0.100; reasons=local_language_edit.,local_edit,local_language_edit,target_span -> ai_suggestion -> local_edit -> auto_accept,Feedback Safety Graph activates local_edit; meaning=preserves_meaning; evidence=none; route=auto_accept.,[],[]
FB-037,ESL-ANN-008,3,high,teacher_review,meaning_change;unsupported_claim,changes_meaning,needs_teacher_review,0.96,0.799,pilot_calibrated_logistic_v1,0.80,evidence_gap,urgent,High-risk feedback routed to teacher_review; evidence=evidence_gap; risk_score=0.960; reasons=meaning_change;unsupported_claim.,meaning_preservation;content_grounding,meaning_change;unsupported_claim,target_span -> ai_suggestion -> meaning_preservation -> teacher_review,Feedback Safety Graph activates meaning_preservation;content_grounding; meaning=changes_meaning; evidence=evidence_gap; route=teacher_review.,[],[]
FB-038,ESL-ANN-008,3,high,teacher_review,unsupported_claim;introduces_new_argument,unclear,needs_teacher_review,0.89,0.770,pilot_calibrated_logistic_v1,0.77,evidence_gap,urgent,High-risk feedback routed to teacher_review; evidence=evidence_gap; risk_score=0.890; reasons=unsupported_claim;introduces_new_argument.,content_grounding,unsupported_claim,target_span -> ai_suggestion -> content_grounding -> teacher_review,Feedback Safety Graph activates content_grounding; meaning=unclear; evidence=evidence_gap; route=teacher_review.,[],[]
FB-039,ESL-ANN-008,3,low,auto_accept,local_language_edit,preserves_meaning,auto_accepted,0.10,0.276,pilot_calibrated_logistic_v1,0.72,none,low,Low-risk feedback routed to auto_accept; evidence=none; risk_score=0.100; reasons=local_language_edit.,local_edit,local_language_edit,target_span -> ai_suggestion -> local_edit -> auto_accept,Feedback Safety Graph activates local_edit; meaning=preserves_meaning; evidence=none; route=auto_accept.,[],[]
FB-040,ESL-ANN-008,3,medium,teacher_review,tone_register;teacher_dependent_wording,preserves_meaning,needs_teacher_review,0.36,0.405,pilot_calibrated_logistic_v1,0.59,none,medium,Medium-risk feedback routed to teacher_review; evidence=none; risk_score=0.360; reasons=tone_register;teacher_dependent_wording.,pedagogical_tone;feedback_specificity,teacher_dependent_wording,target_span -> ai_suggestion -> pedagogical_tone -> teacher_review,Feedback Safety Graph activates pedagogical_tone;feedback_specificity; meaning=preserves_meaning; evidence=none; route=teacher_review.,[],[]
FB-041,ESL-ANN-009,3,low,auto_accept,local_language_edit,preserves_meaning,auto_accepted,0.10,0.276,pilot_calibrated_logistic_v1,0.72,none,low,Low-risk feedback routed to auto_accept; evidence=none; risk_score=0.100; reasons=local_language_edit.,local_edit,local_language_edit,target_span -> ai_suggestion -> local_edit -> auto_accept,Feedback Safety Graph activates local_edit; meaning=preserves_meaning; evidence=none; route=auto_accept.,[],[]
FB-042,ESL-ANN-009,3,high,teacher_review,meaning_change;introduces_new_argument,changes_meaning,needs_teacher_review,0.97,0.802,pilot_calibrated_logistic_v1,0.80,none,urgent,High-risk feedback routed to teacher_review; evidence=none; risk_score=0.970; reasons=meaning_change;introduces_new_argument.,meaning_preservation,meaning_change,target_span -> ai_suggestion -> meaning_preservation -> teacher_review,Feedback Safety Graph activates meaning_preservation; meaning=changes_meaning; evidence=none; route=teacher_review.,[],[]
FB-043,ESL-ANN-009,3,medium,teacher_review,teacher_dependent_wording;low_value_edit,preserves_meaning,needs_teacher_review,0.33,0.390,pilot_calibrated_logistic_v1,0.61,none,medium,Medium-risk feedback routed to teacher_review; evidence=none; risk_score=0.330; reasons=teacher_dependent_wording;low_value_edit.,feedback_specificity,teacher_dependent_wording,target_span -> ai_suggestion -> feedback_specificity -> teacher_review,Feedback Safety Graph activates feedback_specificity; meaning=preserves_meaning; evidence=none; route=teacher_review.,[],[]
FB-044,ESL-ANN-009,3,high,teacher_review,unsupported_claim;meaning_change,changes_meaning,needs_teacher_review,0.95,0.796,pilot_calibrated_logistic_v1,0.80,evidence_gap,urgent,High-risk feedback routed to teacher_review; evidence=evidence_gap; risk_score=0.950; reasons=unsupported_claim;meaning_change.,meaning_preservation;content_grounding,unsupported_claim;meaning_change,target_span -> ai_suggestion -> content_grounding -> teacher_review,Feedback Safety Graph activates meaning_preservation;content_grounding; meaning=changes_meaning; evidence=evidence_gap; route=teacher_review.,[],[]
FB-045,ESL-ANN-009,3,low,auto_accept,local_language_edit,preserves_meaning,auto_accepted,0.10,0.276,pilot_calibrated_logistic_v1,0.72,none,low,Low-risk feedback routed to auto_accept; evidence=none; risk_score=0.100; reasons=local_language_edit.,local_edit,local_language_edit,target_span -> ai_suggestion -> local_edit -> auto_accept,Feedback Safety Graph activates local_edit; meaning=preserves_meaning; evidence=none; route=auto_accept.,[],[]
FB-046,ESL-ANN-010,3,low,auto_accept,local_language_edit,preserves_meaning,auto_accepted,0.10,0.276,pilot_calibrated_logistic_v1,0.72,none,low,Low-risk feedback routed to auto_accept; evidence=none; risk_score=0.100; reasons=local_language_edit.,local_edit,local_language_edit,target_span -> ai_suggestion -> local_edit -> auto_accept,Feedback Safety Graph activates local_edit; meaning=preserves_meaning; evidence=none; route=auto_accept.,[],[]
FB-047,ESL-ANN-010,3,medium,teacher_review,too_harsh;tone_register,preserves_meaning,needs_teacher_review,0.50,0.470,pilot_calibrated_logistic_v1,0.53,none,medium,Medium-risk feedback routed to teacher_review; evidence=none; risk_score=0.500; reasons=too_harsh;tone_register.,pedagogical_tone,too_harsh,target_span -> ai_suggestion -> pedagogical_tone -> teacher_review,Feedback Safety Graph activates pedagogical_tone; meaning=preserves_meaning; evidence=none; route=teacher_review.,[],[]
FB-048,ESL-ANN-010,3,high,teacher_review,unsupported_claim;too_harsh,changes_meaning,needs_teacher_review,0.93,0.789,pilot_calibrated_logistic_v1,0.79,evidence_gap,urgent,High-risk feedback routed to teacher_review; evidence=evidence_gap; risk_score=0.930; reasons=unsupported_claim;too_harsh.,content_grounding;pedagogical_tone,unsupported_claim;too_harsh,target_span -> ai_suggestion -> content_grounding -> teacher_review,Feedback Safety Graph activates content_grounding;pedagogical_tone; meaning=changes_meaning; evidence=evidence_gap; route=teacher_review.,[],[]
FB-049,ESL-ANN-010,3,low,auto_accept,local_language_edit,preserves_meaning,auto_accepted,0.10,0.276,pilot_calibrated_logistic_v1,0.72,none,low,Low-risk feedback routed to auto_accept; evidence=none; risk_score=0.100; reasons=local_language_edit.,local_edit,local_language_edit,target_span -> ai_suggestion -> local_edit -> auto_accept,Feedback Safety Graph activates local_edit; meaning=preserves_meaning; evidence=none; route=auto_accept.,[],[]
FB-050,ESL-ANN-010,3,medium,teacher_review,argument_scope_change;teacher_dependent_wording,unclear,needs_teacher_review,0.48,0.455,pilot_calibrated_logistic_v1,0.54,none,medium,Medium-risk feedback routed to teacher_review; evidence=none; risk_score=0.480; reasons=argument_scope_change;teacher_dependent_wording.,meaning_preservation;feedback_specificity,meaning_change_cue,target_span -> ai_suggestion -> meaning_preservation -> teacher_review,Feedback Safety Graph activates meaning_preservation;feedback_specificity; meaning=unclear; evidence=none; route=teacher_review.,[],[]
FB-051,ESL-ANN-011,3,low,auto_accept,local_language_edit,preserves_meaning,auto_accepted,0.10,0.276,pilot_calibrated_logistic_v1,0.72,none,low,Low-risk feedback routed to auto_accept; evidence=none; risk_score=0.100; reasons=local_language_edit.,local_edit,local_language_edit,target_span -> ai_suggestion -> local_edit -> auto_accept,Feedback Safety Graph activates local_edit; meaning=preserves_meaning; evidence=none; route=auto_accept.,[],[]
FB-052,ESL-ANN-011,3,high,teacher_review,meaning_change;overgeneralization,changes_meaning,needs_teacher_review,0.94,0.792,pilot_calibrated_logistic_v1,0.79,none,urgent,High-risk feedback routed to teacher_review; evidence=none; risk_score=0.940; reasons=meaning_change;overgeneralization.,meaning_preservation,meaning_change,target_span -> ai_suggestion -> meaning_preservation -> teacher_review,Feedback Safety Graph activates meaning_preservation; meaning=changes_meaning; evidence=none; route=teacher_review.,[],[]
FB-053,ESL-ANN-011,3,high,teacher_review,unsupported_claim;overgeneralization,unclear,needs_teacher_review,0.88,0.766,pilot_calibrated_logistic_v1,0.77,evidence_gap,urgent,High-risk feedback routed to teacher_review; evidence=evidence_gap; risk_score=0.880; reasons=unsupported_claim;overgeneralization.,content_grounding,unsupported_claim,target_span -> ai_suggestion -> content_grounding -> teacher_review,Feedback Safety Graph activates content_grounding; meaning=unclear; evidence=evidence_gap; route=teacher_review.,[],[]
FB-054,ESL-ANN-011,3,low,auto_accept,local_language_edit,preserves_meaning,auto_accepted,0.10,0.276,pilot_calibrated_logistic_v1,0.72,none,low,Low-risk feedback routed to auto_accept; evidence=none; risk_score=0.100; reasons=local_language_edit.,local_edit,local_language_edit,target_span -> ai_suggestion -> local_edit -> auto_accept,Feedback Safety Graph activates local_edit; meaning=preserves_meaning; evidence=none; route=auto_accept.,[],[]
FB-055,ESL-ANN-011,3,high,teacher_review,wrong_correction;grammar_error,changes_meaning,needs_teacher_review,0.90,0.774,pilot_calibrated_logistic_v1,0.77,none,urgent,High-risk feedback routed to teacher_review; evidence=none; risk_score=0.900; reasons=wrong_correction;grammar_error.,local_edit;meaning_preservation,wrong_correction,target_span -> ai_suggestion -> local_edit -> teacher_review,Feedback Safety Graph activates local_edit;meaning_preservation; meaning=changes_meaning; evidence=none; route=teacher_review.,[],[]
FB-056,ESL-ANN-012,3,low,auto_accept,local_language_edit,preserves_meaning,auto_accepted,0.10,0.276,pilot_calibrated_logistic_v1,0.72,none,low,Low-risk feedback routed to auto_accept; evidence=none; risk_score=0.100; reasons=local_language_edit.,local_edit,local_language_edit,target_span -> ai_suggestion -> local_edit -> auto_accept,Feedback Safety Graph activates local_edit; meaning=preserves_meaning; evidence=none; route=auto_accept.,[],[]
FB-057,ESL-ANN-012,3,high,teacher_review,meaning_change;unsupported_claim,changes_meaning,needs_teacher_review,0.97,0.802,pilot_calibrated_logistic_v1,0.80,evidence_gap,urgent,High-risk feedback routed to teacher_review; evidence=evidence_gap; risk_score=0.970; reasons=meaning_change;unsupported_claim.,meaning_preservation,meaning_change,target_span -> ai_suggestion -> meaning_preservation -> teacher_review,Feedback Safety Graph activates meaning_preservation; meaning=changes_meaning; evidence=evidence_gap; route=teacher_review.,[],[]
FB-058,ESL-ANN-012,3,medium,teacher_review,student_level_mismatch;teacher_dependent_wording,preserves_meaning,needs_teacher_review,0.41,0.425,pilot_calibrated_logistic_v1,0.57,none,medium,Medium-risk feedback routed to teacher_review; evidence=none; risk_score=0.410; reasons=student_level_mismatch;teacher_dependent_wording.,pedagogical_tone;feedback_specificity,student_level_mismatch,target_span -> ai_suggestion -> pedagogical_tone -> teacher_review,Feedback Safety Graph activates pedagogical_tone;feedback_specificity; meaning=preserves_meaning; evidence=none; route=teacher_review.,[],[]
FB-059,ESL-ANN-012,3,low,auto_accept,local_language_edit,preserves_meaning,auto_accepted,0.10,0.276,pilot_calibrated_logistic_v1,0.72,none,low,Low-risk feedback routed to auto_accept; evidence=none; risk_score=0.100; reasons=local_language_edit.,local_edit,local_language_edit,target_span -> ai_suggestion -> local_edit -> auto_accept,Feedback Safety Graph activates local_edit; meaning=preserves_meaning; evidence=none; route=auto_accept.,[],[]
FB-060,ESL-ANN-012,3,high,teacher_review,unsupported_claim;introduces_new_argument,changes_meaning,needs_teacher_review,0.96,0.799,pilot_calibrated_logistic_v1,0.80,evidence_gap,urgent,High-risk feedback routed to teacher_review; evidence=evidence_gap; risk_score=0.960; reasons=unsupported_claim;introduces_new_argument.,content_grounding;meaning_preservation,unsupported_claim,target_span -> ai_suggestion -> content_grounding -> teacher_review,Feedback Safety Graph activates content_grounding;meaning_preservation; meaning=changes_meaning; evidence=evidence_gap; route=teacher_review.,[],[]
